herb_id,category,herb_korean,herb_hanja,tag_count,tags,tag_source,primary_body_category,body_categories,cluster
ANIMAL_001,어부,이어담 (잉어쓸개),鯉魚膽,3,시력보조|염증완화|이명완화,auto,머리·눈·귀,머리·눈·귀|염증·해독,0
ANIMAL_002,어부,즉어 (붕어),鯽魚,3,기력보강|소화력강화|가스완화,auto,위·소화,위·소화|정기·기력,1
ANIMAL_003,어부,오적어골 (갑오징어뼈),烏賊魚骨,4,출혈멎음|이명완화|구충|통증완화,auto,혈·순환,혈·순환|머리·눈·귀|근골·관절|염증·해독,2
ANIMAL_004,어부,여어 (가물치),蠡魚,2,부종완화|염증완화,auto,신장·소변,신장·소변|염증·해독,3
ANIMAL_005,어부,만리어 (뱀장어),鰻鱺魚,4,기력보강|가려움완화|염증완화|구충,auto,염증·해독,염증·해독|정기·기력|피부,6
ANIMAL_006,어부,교어피 (상어 가죽),鮫魚皮,3,해독|심신안정|출혈멎음,auto,염증·해독,염증·해독|심·신경|혈·순환,6
ANIMAL_007,어부,궐어 (쏘가리),鱖魚,4,기력보강|구충|출혈멎음|소화력강화,auto,정기·기력,정기·기력|위·소화|혈·순환|염증·해독,2
ANIMAL_008,어부,청어,靑魚,1,관절통완화,auto,근골·관절,근골·관절,4
ANIMAL_009,어부,석수어 (조기),石首魚,3,소화력강화|기력보강|가스완화,auto,위·소화,위·소화|정기·기력,1
ANIMAL_010,어부,치어 (숭어),鯔魚,2,기력보강|소화력강화,auto,정기·기력,정기·기력|위·소화,2
ANIMAL_011,어부,노어 (농어),鱸魚,3,기력보강|소화력강화|뼈근육강화,auto,위·소화,위·소화|정기·기력|근골·관절,1
ANIMAL_012,어부,점어 (메기),鮎魚,2,소변개선|부종완화,auto,신장·소변,신장·소변,3
ANIMAL_013,어부,선어 (드렁허리),鱔魚,5,생리조절|기력보강|관절통완화|피부개선|소변개선,auto,여성·부인,여성·부인|정기·기력|근골·관절|신장·소변|피부,3
ANIMAL_014,어부,비목어 (가자미),比目魚,1,기력보강,auto,정기·기력,정기·기력,2
ANIMAL_015,어부,공어 (가오리),䱋魚,1,염증완화,auto,염증·해독,염증·해독,6
ANIMAL_016,어부,하돈 (복어),河㹠,2,기력보강|구충,auto,정기·기력,정기·기력|염증·해독,2
ANIMAL_017,어부,화어 (대구),夻魚,1,기력보강,auto,정기·기력,정기·기력,2
ANIMAL_018,어부,팔초어 (문어),八梢魚,4,기력보강|피로회복|간해독|혈액순환,auto+supplement,정기·기력,정기·기력|간·담|혈·순환,2
ANIMAL_019,어부,소팔초어 (낙지),小八梢魚,4,기력보강|피로회복|간해독|혈액순환,supplement,정기·기력,정기·기력|간·담|혈·순환,2
ANIMAL_020,어부,송어,松魚,4,기력보강|뼈근육강화|혈액순환|노화완화,supplement,정기·기력,정기·기력|혈·순환|근골·관절,2
ANIMAL_021,어부,연어,鰱魚,4,기력보강|혈액순환|뼈근육강화|기억력개선,supplement,정기·기력,정기·기력|혈·순환|근골·관절,2
ANIMAL_022,어부,백어 (뱅어),白魚,1,소화력강화,auto,위·소화,위·소화,1
ANIMAL_023,어부,추어 (미꾸라지),鰍魚,2,소화력강화|기력보강,auto+supplement,정기·기력,정기·기력|위·소화,2
ANIMAL_024,어부,황상어 (자가사리),黃顙魚,2,기력보강|소화력강화,supplement,위·소화,위·소화|정기·기력,1
ANIMAL_025,어부,후어 (투구게),鱟魚,4,출혈멎음|구충|생리조절|소화력강화,auto,혈·순환,혈·순환|위·소화|여성·부인|염증·해독,2
ANIMAL_026,어부,은조어 (은어),銀條魚,2,기력보강|소화력강화,supplement,위·소화,위·소화|정기·기력,1
ANIMAL_027,어부,해돈 (돌고래),海㹠,5,염증완화|가려움완화|피부해독|해독|열내림,auto,염증·해독,염증·해독|피부,6
ANIMAL_028,어부,회어 (민어),鮰魚,3,감기완화|기력보강|경련완화,auto+supplement,정기·기력,정기·기력|심·신경,2
ANIMAL_029,어부,어자 (물고기 젓),魚鮓,1,소화력강화,auto,위·소화,위·소화,1
ANIMAL_030,어부,어회 (물고기 회),魚膾,1,소화력강화,auto,위·소화,위·소화,1
ANIMAL_031,충부,백밀 (흰 꿀),白蜜,8,시력보조|심신안정|소화력강화|기력보강|통증완화|면역강화|해독|염증완화,auto,정기·기력,정기·기력|위·소화|염증·해독|머리·눈·귀|심·신경|근골·관절,2
ANIMAL_032,충부,상표초 (뽕나무에 자란 사마귀알집),桑螵蛸,3,남성건강보조|피부개선|소변개선,auto,여성·부인,여성·부인|신장·소변|피부,3
ANIMAL_033,충부,선각 (매미 허물),蟬殼,3,면역강화|해독|시력보조,auto,머리·눈·귀,머리·눈·귀|정기·기력|염증·해독,0
ANIMAL_034,충부,제조 (굼벵이),蠐螬,2,상처회복|뼈강화,auto,피부,피부|근골·관절,5
ANIMAL_035,충부,백강잠 (죽어 굳은 누에),白殭蚕,5,피부개선|경련완화|구충|면역강화|염증완화,auto,피부,피부|염증·해독|심·신경|정기·기력,5
ANIMAL_036,충부,원잠아 (2벌 누에나방),原蚕蛾,4,신장보강|남성건강보조|출혈멎음|소화력강화,auto,신장·소변,신장·소변|위·소화|혈·순환|여성·부인,3
ANIMAL_037,충부,맹충 (등에),䖟蟲,1,어혈개선,auto,혈·순환,혈·순환,2
ANIMAL_038,충부,섬서 (두꺼비),蟾蜍,2,염증완화|면역강화,auto,염증·해독,염증·해독|정기·기력,6
ANIMAL_039,충부,방합,蚌蛤,10,갈증해소|시력보조|해독|열내림|생리조절|기력보강|출혈멎음|구역완화|염증완화|가래완화,auto,염증·해독,염증·해독|위·소화|머리·눈·귀|호흡·폐|혈·순환|여성·부인|정기·기력,6
ANIMAL_040,충부,하 (새우),鰕,2,염증완화|면역강화,auto,염증·해독,염증·해독|정기·기력,6
ANIMAL_041,충부,전라 (우렁이),田螺,5,갈증해소|소변개선|해독|열내림|시력보조,auto,위·소화,위·소화|염증·해독|머리·눈·귀|신장·소변,1
ANIMAL_042,충부,오사 (검은 뱀),烏蛇,2,가려움완화|감기완화,auto,피부,피부|정기·기력,5
ANIMAL_043,충부,백화사 (산무애뱀),白花蛇,3,관절통완화|감기완화|가려움완화,auto,근골·관절,근골·관절|피부|정기·기력,4
ANIMAL_044,충부,사태 (뱀허물),蛇蛻,7,염증완화|경련완화|기침완화|생리조절|해독|면역강화|시력보조,auto,염증·해독,염증·해독|머리·눈·귀|호흡·폐|심·신경|여성·부인|정기·기력,6
ANIMAL_045,충부,복사담 (살무사의 쓸개),蝮蛇膽,1,구충,auto,염증·해독,염증·해독,6
ANIMAL_046,충부,토도사 (굿뱀),土桃蛇,2,감기완화|가려움완화,auto+supplement,정기·기력,정기·기력|피부,2
ANIMAL_047,충부,지주 (말거미),蜘蛛,1,면역강화,auto,정기·기력,정기·기력,2
ANIMAL_048,충부,구인 (지렁이),蚯蚓,5,해독|간해독|기침완화|구충|면역강화,auto,염증·해독,염증·해독|호흡·폐|간·담|정기·기력,6
ANIMAL_049,충부,오공 (지네),蜈蚣,5,생리조절|열내림|심신안정|해독|구충,auto,염증·해독,염증·해독|여성·부인|심·신경,6
ANIMAL_050,충부,합개 (도마뱀붙이),蛤蚧,3,생리조절|기침완화|소변개선,auto,호흡·폐,호흡·폐|여성·부인|신장·소변,1
ANIMAL_051,충부,수질 (거머리),水蛭,3,생리조절|소변개선|부종완화,auto,여성·부인,여성·부인|신장·소변,3
ANIMAL_052,충부,반묘 (가뢰),斑猫,7,소변개선|생리조절|부종완화|염증완화|심신안정|해독|상처회복,auto,신장·소변,신장·소변|여성·부인|염증·해독|심·신경|피부,3
ANIMAL_053,충부,작옹 (쐐기의 벌레집),雀瓮,3,감기완화|경련완화|면역강화,auto,정기·기력,정기·기력|심·신경,2
ANIMAL_054,충부,강랑 (말똥구리),蜣蜋,7,염증완화|생리조절|경련완화|면역강화|심신안정|가스완화|열내림,auto,염증·해독,염증·해독|심·신경|여성·부인|위·소화|정기·기력,6
ANIMAL_055,충부,오령지 (날다람쥐의 말린 똥),五靈脂,2,생리조절|출혈멎음,auto,혈·순환,혈·순환|여성·부인,2
ANIMAL_056,충부,갈 (전갈),蝎,2,감기완화|면역강화,auto,정기·기력,정기·기력,2
ANIMAL_057,충부,누고 (땅강아지),螻蛄,3,부종완화|생리조절|염증완화,auto,염증·해독,염증·해독|여성·부인|신장·소변,6
ANIMAL_058,충부,천산갑,穿山甲,3,염증완화|면역강화|열내림,auto,염증·해독,염증·해독|정기·기력,6
ANIMAL_059,충부,청령 (잠자리),蜻蛉,1,남성건강보조,auto,여성·부인,여성·부인,3
ANIMAL_060,충부,형화 (반딧불이),螢火,3,시력보조|심신안정|해독,auto,머리·눈·귀,머리·눈·귀|심·신경|염증·해독,0
ANIMAL_061,충부,서부 (쥐며느리),鼠婦,2,소변개선|생리조절,auto,여성·부인,여성·부인|신장·소변,3
ANIMAL_062,충부,의어 (반대좀),衣魚,4,피부개선|소변개선|생리조절|면역강화,auto,여성·부인,여성·부인|신장·소변|피부|정기·기력,3
ANIMAL_063,충부,슬자 (이),蝨子,3,염증완화|피부개선|열내림,auto+supplement,염증·해독,염증·해독|피부,6
ANIMAL_064,충부,활사 (올챙이),活師,1,가려움완화,auto,피부,피부,5
ANIMAL_065,충부,회충 (사람의 목에서 나온 회충),蚘蟲,1,시력보조,auto,머리·눈·귀,머리·눈·귀,0
ANIMAL_066,충부,고충 (고독환자에게서 나온 충),蠱蟲,1,해독,supplement,염증·해독,염증·해독,6
PLANT_001,과부,연실 (연밥),蓮實,3,기력보강|소화력강화|갈증해소,auto,위·소화,위·소화|정기·기력,1
PLANT_002,과부,귤피,橘皮,6,소화력강화|부종완화|가래완화|구역완화|기침완화|호흡완화,auto,위·소화,위·소화|호흡·폐|신장·소변,1
PLANT_003,과부,청귤피 (덜 자란 귤의 껍질을 말린 것),靑橘皮,3,통증완화|가스완화|호흡완화,auto,호흡·폐,호흡·폐|위·소화|근골·관절,1
PLANT_004,과부,유자,柚子,1,해독,auto,염증·해독,염증·해독,6
PLANT_005,과부,유감자 (감자나무의 열매),乳柑子,3,소변개선|해독|소화력강화,auto,염증·해독,염증·해독|위·소화|신장·소변,6
PLANT_006,과부,대조 (대추),大棗,3,기력보강|해독|심신안정,auto,정기·기력,정기·기력|심·신경|염증·해독,2
PLANT_007,과부,포도,蒲萄,4,기력보강|기억력개선|소변개선|관절통완화,auto,정기·기력,정기·기력|신장·소변|근골·관절,2
PLANT_008,과부,율자 (밤),栗子,3,기력보강|소화력강화|신장보강,auto,위·소화,위·소화|신장·소변|정기·기력,1
PLANT_009,과부,복분자 (복분자딸기),覆盆子,5,시력보조|기력보강|간해독|남성건강보조|신장보강,auto,정기·기력,정기·기력|머리·눈·귀|간·담|여성·부인|신장·소변,2
PLANT_010,과부,검인 (가시연밥),芡仁,2,신장보강|노화완화,auto,신장·소변,신장·소변|정기·기력,3
PLANT_011,과부,능인 (마름),菱仁,3,기력보강|심신안정|가스완화,auto,심·신경,심·신경|위·소화|정기·기력,2
PLANT_012,과부,앵도 (앵두),櫻桃,2,피부개선|소화력강화,auto,위·소화,위·소화|피부,1
PLANT_013,과부,등자피 (등자나무 과실의 껍질),橙子皮,1,소화력강화,auto,위·소화,위·소화,1
PLANT_014,과부,매실,梅實,1,갈증해소,auto,위·소화,위·소화,1
PLANT_015,과부,모과,木瓜,5,뼈근육강화|갈증해소|부종완화|소화력강화|가래완화,auto,위·소화,위·소화|근골·관절|호흡·폐|신장·소변,1
PLANT_016,과부,홍시,紅柿,6,갈증해소|해독|기침완화|소화력강화|통증완화|출혈멎음,auto,위·소화,위·소화|호흡·폐|근골·관절|염증·해독|혈·순환,1
PLANT_017,과부,비파엽,枇杷葉,1,기침완화,auto,호흡·폐,호흡·폐,1
PLANT_018,과부,여지,荔枝,3,피부개선|불안완화|갈증해소,auto,심·신경,심·신경|위·소화|피부,2
PLANT_019,과부,용안 (용안육),龍眼,3,해독|구충|기억력개선,auto,염증·해독,염증·해독|정기·기력,6
PLANT_020,과부,유당 (우유즙에 설탕을 타서 끓여 만든 것),乳糖,2,심신안정|기력보강,auto,심·신경,심·신경|정기·기력,2
PLANT_021,과부,도핵인 (복숭아씨),桃核仁,6,생리조절|통증완화|혈액순환|소화력강화|어혈개선|구충,auto,여성·부인,여성·부인|혈·순환|근골·관절|위·소화|염증·해독,3
PLANT_022,과부,행핵인 (살구씨),杏核仁,2,기침완화|호흡완화,auto,호흡·폐,호흡·폐,1
PLANT_023,과부,석류,石榴,2,갈증해소|소화력강화,auto+supplement,위·소화,위·소화,1
PLANT_024,과부,이자 (배),梨子,3,상처회복|불안완화|열내림,auto,피부,피부|심·신경|염증·해독,5
PLANT_025,과부,임금 (능금),林檎,3,갈증해소|소화력강화|가래완화,auto,위·소화,위·소화|호흡·폐,1
PLANT_026,과부,이핵인 (자두의 씨),李核仁,1,부종완화,auto,신장·소변,신장·소변,3
PLANT_027,과부,호도 (호두),胡桃,5,기침완화|호흡완화|기력보강|신장보강|혈액순환,auto,호흡·폐,호흡·폐|정기·기력|혈·순환|신장·소변,1
PLANT_028,과부,미후도 (다래),獮猴桃,3,소변개선|열내림|구역완화,auto,신장·소변,신장·소변|위·소화|염증·해독,3
PLANT_029,과부,해송자 (잣),海松子,4,기력보강|관절통완화|두통완화|뼈강화,auto,근골·관절,근골·관절|머리·눈·귀|정기·기력,4
PLANT_030,과부,내자 (사과),柰子,3,기력보강|소화력강화|갈증해소,auto+supplement,위·소화,위·소화|정기·기력,1
PLANT_031,과부,진자 (개암),榛子,2,기력보강|소화력강화,auto,위·소화,위·소화|정기·기력,1
PLANT_032,과부,은행,銀杏,3,기침완화|호흡완화|면역강화,auto,호흡·폐,호흡·폐|정기·기력,1
PLANT_033,과부,비자,榧子,3,염증완화|심신안정|구충,auto,염증·해독,염증·해독|심·신경,6
PLANT_034,과부,산사자 (산사나무의 열매),山査子,2,소화력강화|가래완화,auto,위·소화,위·소화|호흡·폐,1
PLANT_035,과부,야자,椰子,3,기력보강|감기완화|갈증해소,auto,정기·기력,정기·기력|위·소화,2
PLANT_036,과부,무화과,無花果,1,소화력강화,auto,위·소화,위·소화,1
PLANT_037,채부,생강,生薑,7,감기완화|가스완화|구역완화|기침완화|호흡완화|냉증완화|가래완화,auto,호흡·폐,호흡·폐|위·소화|정기·기력,1
PLANT_038,채부,우자 (토란),芋子,4,피부개선|어혈개선|상처회복|소화력강화,auto+supplement,피부,피부|위·소화|혈·순환,5
PLANT_039,채부,오우 (올방개의 뿌리),烏芋,4,시력보조|갈증해소|간해독|소화력강화,auto,위·소화,위·소화|머리·눈·귀|간·담,1
PLANT_040,채부,동규자 (돌아욱씨),冬葵子,3,소변개선|열내림|가래완화,auto,신장·소변,신장·소변|염증·해독|호흡·폐,3
PLANT_041,채부,홍촉규 (접시꽃의 뿌리와 줄기),紅蜀葵,4,소변개선|염증완화|생리조절|열내림,auto,염증·해독,염증·해독|여성·부인|신장·소변,6
PLANT_042,채부,황촉규화 (닥풀),黃蜀葵花,3,염증완화|생리조절|소변개선,auto,여성·부인,여성·부인|신장·소변|염증·해독,3
PLANT_043,채부,현실 (비름의 씨),莧實,3,시력보조|소변개선|열내림,auto,머리·눈·귀,머리·눈·귀|신장·소변|염증·해독,0
PLANT_044,채부,마치현 (쇠비름),馬齒莧,6,갈증해소|소변개선|구충|염증완화|상처회복|어혈개선,auto,위·소화,위·소화|염증·해독|혈·순환|신장·소변|피부,1
PLANT_045,채부,만청 (순무),蔓菁,4,간해독|기력보강|가스완화|소화력강화,auto,정기·기력,정기·기력|위·소화|간·담,2
PLANT_046,채부,내복 (무),萊菔,6,갈증해소|가스완화|소화력강화|출혈멎음|기침완화|가래완화,auto,위·소화,위·소화|호흡·폐|혈·순환,1
PLANT_047,채부,숭채 (배추),菘菜,4,갈증해소|해독|가스완화|소화력강화,auto,위·소화,위·소화|염증·해독,1
PLANT_048,채부,죽순,竹笋,8,갈증해소|소화력강화|소변개선|기력보강|부종완화|불안완화|가래완화|열내림,auto,위·소화,위·소화|호흡·폐|신장·소변|심·신경|정기·기력|염증·해독,1
PLANT_049,채부,서과 (수박),西瓜,5,소변개선|염증완화|가스완화|갈증해소|출혈멎음,auto,위·소화,위·소화|혈·순환|신장·소변|염증·해독,1
PLANT_050,채부,첨과 (참외),甛瓜,4,갈증해소|소변개선|불안완화|열내림,auto,위·소화,위·소화|심·신경|신장·소변|염증·해독,1
PLANT_051,채부,백동과 (동아),白冬瓜,3,심신안정|갈증해소|불안완화,auto,심·신경,심·신경|위·소화,2
PLANT_052,채부,호과 (오이),胡瓜,5,열내림|부종완화|해독|피부개선|소화력강화,auto+supplement,염증·해독,염증·해독|위·소화|신장·소변|피부,6
PLANT_053,채부,사과 (수세미오이),絲瓜,3,해독|염증완화|면역강화,auto,염증·해독,염증·해독|정기·기력,6
PLANT_054,채부,"개채 (겨자, 갓)",芥菜,4,시력보조|기침완화|냉증완화|호흡완화,auto,호흡·폐,호흡·폐|머리·눈·귀|정기·기력,1
PLANT_055,채부,와거 (상추),萵苣,1,혈액순환,auto,혈·순환,혈·순환,2
PLANT_056,채부,고거 (시화),苦苣,2,간해독|기력보강,auto,간·담,간·담|정기·기력,1
PLANT_057,채부,고채 (씀바귀),苦菜,2,염증완화|피부개선,auto,염증·해독,염증·해독|피부,6
PLANT_058,채부,제채 (냉이),薺菜,2,시력보조|소화력강화,auto,머리·눈·귀,머리·눈·귀|위·소화,0
PLANT_059,채부,사삼 (더덕),沙參,4,기력보강|부종완화|염증완화|기침완화,auto,정기·기력,정기·기력|염증·해독|호흡·폐|신장·소변,2
PLANT_060,채부,제니 (모싯대),薺苨,1,해독,auto,염증·해독,염증·해독,6
PLANT_061,채부,길경 (도라지),桔梗,3,기침완화|호흡완화|해독,auto,호흡·폐,호흡·폐|염증·해독,1
PLANT_062,채부,총백 (파의 흰 밑),葱白,5,해독|시력보조|태보|기침완화|열내림,auto,염증·해독,염증·해독|머리·눈·귀|호흡·폐|여성·부인,6
PLANT_063,채부,대산 (마늘),大蒜,5,해독|감기완화|관절통완화|소화력강화|염증완화,auto,염증·해독,염증·해독|위·소화|근골·관절|정기·기력,6
PLANT_064,채부,구채 (부추),韭菜,3,심신안정|기력보강|허리통증완화,auto,심·신경,심·신경|근골·관절|정기·기력,2
PLANT_065,채부,해채 (염교),薤菜,3,기력보강|소화력강화|열내림,auto,정기·기력,정기·기력|염증·해독|위·소화,2
PLANT_066,채부,형개,荊芥,2,염증완화|두통완화,auto,염증·해독,염증·해독|머리·눈·귀,6
PLANT_067,채부,자소 (차조기),紫蘇,3,소화력강화|가스완화|가래완화,auto,위·소화,위·소화|호흡·폐,1
PLANT_068,채부,향유,香薷,5,부종완화|불안완화|통증완화|열내림|소화력강화,auto,심·신경,심·신경|위·소화|신장·소변|근골·관절|염증·해독,2
PLANT_069,채부,박하,薄荷,3,감기완화|두통완화|열내림,auto,머리·눈·귀,머리·눈·귀|정기·기력|염증·해독,0
PLANT_070,채부,가자 (가지),茄子,3,면역강화|기력보강|열내림,auto+supplement,정기·기력,정기·기력|염증·해독,2
PLANT_071,채부,수근 (미나리),水芹,8,기력보강|신장보강|불안완화|간해독|생리조절|출혈멎음|면역강화|갈증해소,auto,정기·기력,정기·기력|심·신경|위·소화|간·담|혈·순환|여성·부인|신장·소변,2
PLANT_072,채부,순채,蓴菜,3,해독|소화력강화|갈증해소,auto,위·소화,위·소화|염증·해독,1
PLANT_073,채부,요실 (여뀌씨),蓼實,4,시력보조|부종완화|통증완화|신장보강,auto,머리·눈·귀,머리·눈·귀|신장·소변|근골·관절,0
PLANT_074,채부,누호 (물쑥),蔞蒿,2,소화력강화|기력보강,supplement,위·소화,위·소화|정기·기력,1
PLANT_075,채부,목두채 (두릅의 어린 순),木頭菜,2,기력보강|면역강화,supplement,정기·기력,정기·기력,2
PLANT_076,채부,백채 (머위),白菜,4,기침완화|가래완화|해독|부종완화,supplement,호흡·폐,호흡·폐|신장·소변|염증·해독,1
PLANT_077,초부,황정 (층층둥굴레),黃精,4,심신안정|기력보강|소화력강화|기침완화,auto,정기·기력,정기·기력|심·신경|호흡·폐|위·소화,2
PLANT_078,초부,창포 (석창포),菖蒲,6,시력보조|기력보강|관절통완화|통증완화|호흡완화|감기완화,auto,정기·기력,정기·기력|머리·눈·귀|근골·관절|호흡·폐,2
PLANT_079,초부,감국화,甘菊花,3,관절통완화|두통완화|소화력강화,auto,근골·관절,근골·관절|머리·눈·귀|위·소화,4
PLANT_080,초부,인삼,人參,8,시력보조|정신맑음|심신안정|기력보강|가래완화|출혈멎음|소화력강화|기침완화,auto,호흡·폐,호흡·폐|심·신경|머리·눈·귀|위·소화|혈·순환|정기·기력,1
PLANT_081,초부,천문동,天門冬,9,갈증해소|소변개선|피부개선|가래완화|구역완화|구충|출혈멎음|기침완화|신장보강,auto,호흡·폐,호흡·폐|위·소화|신장·소변|혈·순환|피부|염증·해독,1
PLANT_082,초부,감초,甘草,4,뼈근육강화|기력보강|소화력강화|열내림,auto,염증·해독,염증·해독|근골·관절|위·소화|정기·기력,6
PLANT_083,초부,생지황,生地黃,5,생리조절|어혈개선|열내림|출혈멎음|태보,auto,혈·순환,혈·순환|여성·부인|염증·해독,2
PLANT_084,초부,백출 (흰삽주의 뿌리),白朮,6,갈증해소|소화력강화|감기완화|습기개선|심신안정|진액보충,auto,위·소화,위·소화|정기·기력|심·신경,1
PLANT_085,초부,토사자 (새삼의 씨),兎絲子,8,관절통완화|신장보강|남성건강보조|소변개선|갈증해소|면역강화|냉증완화|진액보충,auto+supplement,신장·소변,신장·소변|여성·부인|근골·관절|정기·기력|위·소화,3
PLANT_086,초부,우슬 (쇠무릎),牛膝,5,생리조절|혈액순환|소변개선|남성건강보조|냉증완화,auto,여성·부인,여성·부인|혈·순환|신장·소변|정기·기력,3
PLANT_087,초부,충울자 (익모초의 씨),茺蔚子,2,시력보조|신장보강,auto,머리·눈·귀,머리·눈·귀|신장·소변,0
PLANT_088,초부,시호,柴胡,3,기력보강|면역강화|열내림,auto,정기·기력,정기·기력|염증·해독,2
PLANT_089,초부,맥문동,麥門冬,4,기력보강|기침완화|갈증해소|열내림,auto,호흡·폐,호흡·폐|위·소화|정기·기력|염증·해독,1
PLANT_090,초부,독활 (땃두릅나무),獨活,3,관절통완화|감기완화|냉증완화,auto,근골·관절,근골·관절|정기·기력,4
PLANT_091,초부,강활,羌活,3,관절통완화|감기완화|통증완화,auto+supplement,근골·관절,근골·관절|정기·기력,4
PLANT_092,초부,승마,升麻,5,기력보강|해독|심신안정|면역강화|감기완화,auto,정기·기력,정기·기력|염증·해독|심·신경,2
PLANT_093,초부,차전자 (질경이씨),車前子,4,시력보조|소변개선|염증완화|부종완화,auto,신장·소변,신장·소변|머리·눈·귀|염증·해독,3
PLANT_094,초부,목향,木香,3,소화력강화|통증완화|면역강화,auto,위·소화,위·소화|근골·관절|정기·기력,1
PLANT_095,초부,서여 (산약),薯蕷,4,뼈근육강화|기력보강|부종완화|심신안정,auto,정기·기력,정기·기력|근골·관절|심·신경|신장·소변,2
PLANT_096,초부,택사,澤瀉,2,소변개선|습기개선,auto,신장·소변,신장·소변|정기·기력,3
PLANT_097,초부,원지,遠志,2,심신안정|기억력개선,auto,정기·기력,정기·기력|심·신경,2
PLANT_098,초부,용담,龍膽,3,시력보조|소화력강화|면역강화,auto,머리·눈·귀,머리·눈·귀|위·소화|정기·기력,0
PLANT_099,초부,세신 (족두리풀),細辛,7,시력보조|관절통완화|가스완화|냉증완화|두통완화|기침완화|가래완화,auto,머리·눈·귀,머리·눈·귀|호흡·폐|근골·관절|위·소화|정기·기력,0
PLANT_100,초부,석곡,石斛,3,뼈근육강화|기력보강|신장보강,auto,신장·소변,신장·소변|근골·관절|정기·기력,3
PLANT_101,초부,파극천,巴戟天,2,신장보강|남성건강보조,auto,신장·소변,신장·소변|여성·부인,3
PLANT_102,초부,적전 (천마의 싹),赤箭,3,감기완화|염증완화|해독,auto,염증·해독,염증·해독|정기·기력,6
PLANT_103,초부,암려자 (맑은대쑥의 씨),菴䕡子,2,어혈개선|가스완화,auto,위·소화,위·소화|혈·순환,1
PLANT_104,초부,석명자 (말냉이의 씨),菥蓂子,3,시력보조|신장보강|염증완화,auto,머리·눈·귀,머리·눈·귀|신장·소변|염증·해독,0
PLANT_105,초부,권백 (부처손),卷柏,6,관절통완화|생리조절|출혈멎음|어혈개선|열내림|해독,auto,근골·관절,근골·관절|혈·순환|여성·부인|염증·해독,4
PLANT_106,초부,남등근 (남등),藍藤根,1,호흡완화,auto,호흡·폐,호흡·폐,1
PLANT_107,초부,남실 (쪽의 씨),藍實,1,해독,auto,염증·해독,염증·해독,6
PLANT_108,초부,궁궁 (천궁),芎藭,8,감기완화|혈액보강|어혈개선|구역완화|두통완화|열내림|출혈멎음|기력보강,auto,혈·순환,혈·순환|정기·기력|머리·눈·귀|위·소화|염증·해독,2
PLANT_109,초부,황련,黃連,6,갈증해소|시력보조|염증완화|소화력강화|구역완화|면역강화,auto,위·소화,위·소화|머리·눈·귀|정기·기력|염증·해독,1
PLANT_110,초부,낙석 (마삭줄),絡石,2,상처회복|염증완화,auto,염증·해독,염증·해독|피부,6
PLANT_111,초부,백질려 (꽃이 흰 남가새),白蒺藜,4,신장보강|두통완화|기침완화|감기완화,auto,신장·소변,신장·소변|머리·눈·귀|호흡·폐|정기·기력,3
PLANT_112,초부,황기,黃芪,10,통증완화|기력보강|신장보강|이명완화|출혈멎음|염증완화|심신안정|생리조절|면역강화|열내림,auto,정기·기력,정기·기력|염증·해독|심·신경|근골·관절|머리·눈·귀|혈·순환|여성·부인|신장·소변,2
PLANT_113,초부,육종용,肉蓯蓉,7,기력보강|남성건강보조|신장보강|허리통증완화|생리조절|열내림|출혈멎음,auto,여성·부인,여성·부인|신장·소변|혈·순환|근골·관절|정기·기력|염증·해독,3
PLANT_114,초부,방풍,防風,6,감기완화|관절통완화|기력보강|심신안정|시력보조|두통완화,auto,정기·기력,정기·기력|머리·눈·귀|심·신경|근골·관절,2
PLANT_115,초부,포황 (부들 꽃가루),蒲黃,6,어혈개선|혈액보강|부종완화|출혈멎음|소화력강화|생리조절,auto,혈·순환,혈·순환|여성·부인|위·소화|신장·소변,2
PLANT_116,초부,속단,續斷,5,통증완화|혈액순환|출혈멎음|상처회복|생리조절,auto,혈·순환,혈·순환|여성·부인|근골·관절|피부,2
PLANT_117,초부,누로 (절굿대),漏蘆,5,혈액보강|출혈멎음|염증완화|피부해독|상처회복,auto,염증·해독,염증·해독|혈·순환|피부,6
PLANT_118,초부,영실 (찔레꽃의 열매),營實,2,염증완화|피부해독,auto,피부,피부|염증·해독,5
PLANT_119,초부,결명자,決明子,6,시력보조|감기완화|신장보강|염증완화|두통완화|출혈멎음,auto,머리·눈·귀,머리·눈·귀|혈·순환|신장·소변|정기·기력|염증·해독,0
PLANT_120,초부,단삼,丹參,7,통증완화|어혈개선|출혈멎음|상처회복|염증완화|생리조절|관절통완화,auto,혈·순환,혈·순환|근골·관절|여성·부인|피부|염증·해독,2
PLANT_121,초부,천근 (꼭두서니),茜根,2,출혈멎음|해독,auto,혈·순환,혈·순환|염증·해독,2
PLANT_122,초부,오미자,五味子,9,갈증해소|시력보조|해독|기력보강|신장보강|불안완화|열내림|기침완화|호흡완화,auto,정기·기력,정기·기력|염증·해독|위·소화|머리·눈·귀|호흡·폐|심·신경|신장·소변,2
PLANT_123,초부,선화 (메꽃의 꽃),旋花,2,기력보강|피부개선,auto,정기·기력,정기·기력|피부,2
PLANT_124,초부,난초 (난),蘭草,7,갈증해소|기력보강|소변개선|부종완화|해독|진액보충|가래완화,auto,정기·기력,정기·기력|위·소화|신장·소변|호흡·폐|염증·해독,2
PLANT_125,초부,인동,忍冬,4,열내림|부종완화|갈증해소|출혈멎음,auto,염증·해독,염증·해독|위·소화|혈·순환|신장·소변,6
PLANT_126,초부,사상자,蛇床子,5,대하완화|가스완화|냉증완화|생리조절|남성건강보조,auto,여성·부인,여성·부인|위·소화|정기·기력,3
PLANT_127,초부,지부자 (댑싸리 열매),地膚子,2,소변개선|열내림,auto,신장·소변,신장·소변|염증·해독,3
PLANT_128,초부,경천 (꿩의비름),景天,7,심신안정|두통완화|생리조절|면역강화|시력보조|불안완화|열내림,auto,머리·눈·귀,머리·눈·귀|심·신경|여성·부인|정기·기력|염증·해독,0
OTHER_001,수부(水),정화수 (새벽에 처음 길은 물),井華水,3,피부개선|시력보조|해독,auto,머리·눈·귀,머리·눈·귀|피부|염증·해독,0
OTHER_002,수부(水),한천수 (찬 샘물),寒泉水,5,소변개선|해독|갈증해소|구역완화|가려움완화,auto,위·소화,위·소화|신장·소변|피부|염증·해독,1
OTHER_003,수부(水),국화수 (국화포기 밑에서 나는 물),菊花水,5,피부개선|노화완화|감기완화|관절통완화|두통완화,auto,정기·기력,정기·기력|머리·눈·귀|근골·관절|피부,2
OTHER_004,수부(水),납설수 (섣달 납일에 온 눈 녹은 물),臘雪水,3,간해독|해독|면역강화,auto,정기·기력,정기·기력|간·담|염증·해독,2
OTHER_005,수부(水),춘우수 (정월에 처음 온 빗물),春雨水,1,기력보강,supplement,정기·기력,정기·기력,2
OTHER_006,수부(水),추로수 (가을 이슬 물),秋露水,5,갈증해소|시력보조|피부개선|노화완화|가려움완화,auto,피부,피부|위·소화|머리·눈·귀|정기·기력,5
OTHER_007,수부(水),동상 (겨울에 온 서리),冬霜,2,해독|비염완화,auto,머리·눈·귀,머리·눈·귀|염증·해독,0
OTHER_008,수부(水),박 (우박),雹,1,소화력강화,supplement,위·소화,위·소화,1
OTHER_009,수부(水),하빙 (여름철의 얼음),夏氷,1,열내림,auto,염증·해독,염증·해독,6
OTHER_010,수부(水),방제수 (밝은 달빛 아래에서 조개에 받은 물),方諸水,3,시력보조|면역강화|갈증해소,auto,머리·눈·귀,머리·눈·귀|위·소화|정기·기력,0
OTHER_011,수부(水),매우수 (매실이 누렇게 익을 무렵에 내리는 빗물),梅雨水,2,피부개선|피부해독,auto,피부,피부,5
OTHER_012,수부(水),반천하수 (나무 구멍과 왕대 그루터기에 고인 빗물),半天河水,2,심신안정|염증완화,auto,심·신경,심·신경|염증·해독,2
OTHER_013,수부(水),옥류수 (기와집 위에서 흘러내린 물),屋霤水,3,염증완화|해독|상처회복,auto+supplement,염증·해독,염증·해독|피부,6
OTHER_014,수부(水),모옥루수 (억새풀집 위에서 흘러내린 물),茅屋漏水,1,해독,supplement,염증·해독,염증·해독,6
OTHER_015,수부(水),옥정수 (옥 나는 데서 나오는 샘물),玉井水,2,피부개선|노화완화,auto+supplement,피부,피부|정기·기력,5
OTHER_016,수부(水),벽해수 (바다의 짠물),碧海水,1,가려움완화,auto,피부,피부,5
OTHER_017,수부(水),천리수 (멀리서 흘러오는 강물),千里水,1,소변개선,auto,신장·소변,신장·소변,3
OTHER_018,수부(水),감란수 (많이 휘저어 거품진 물),甘爛水,1,소화력강화,auto,위·소화,위·소화,1
OTHER_019,수부(水),역류수 (거슬러 돌아 흐르는 물),逆流水,1,가래완화,auto,호흡·폐,호흡·폐,1
OTHER_020,수부(水),순류수 (순순히 흐르는 물),順流水,1,허리통증완화,auto,근골·관절,근골·관절,4
OTHER_021,수부(水),급류수 (여울에 빨리 흐르는 물),急流水,2,감기완화|소변개선,auto+supplement,신장·소변,신장·소변|정기·기력,3
OTHER_022,수부(水),온천 (더운 샘물),溫泉,4,가려움완화|관절통완화|감기완화|염증완화,auto,피부,피부|정기·기력|근골·관절|염증·해독,5
OTHER_023,수부(水),냉천 (맛이 떫고 찬물),冷泉,2,두통완화|열내림,auto,머리·눈·귀,머리·눈·귀|염증·해독,0
OTHER_024,수부(水),장수 (좁쌀죽 윗물),漿水,2,갈증해소|소화력강화,auto,위·소화,위·소화,1
OTHER_025,수부(水),지장 (누런 흙물),地漿,1,해독,auto+supplement,염증·해독,염증·해독,6
OTHER_026,수부(水),요수 (산골에 비가 와서 고인 물),潦水,3,기력보강|간해독|소화력강화,auto+supplement,위·소화,위·소화|정기·기력|간·담,1
OTHER_027,수부(水),생숙탕 (끓인 물과 찬물을 탄 것),生熟湯,1,소화력강화,auto,위·소화,위·소화,1
OTHER_028,수부(水),열탕 (덥게 끓인 물),熱湯,1,소화력강화,auto,위·소화,위·소화,1
OTHER_029,수부(水),마비탕 (생삼을 달인 물),麻沸湯,1,갈증해소,auto,위·소화,위·소화,1
OTHER_030,수부(水),조사탕 (고치 삶은 물),繰絲湯,2,갈증해소|구충,auto,위·소화,위·소화|염증·해독,1
OTHER_031,수부(水),증기수 (밥한 시루 덮개에 맺힌 물),甑氣水,2,피부개선|소화력강화,auto+supplement,위·소화,위·소화|피부,1
OTHER_032,수부(水),동기상한 (동그릇에 맺힌 물),銅器上汗,1,염증완화,auto+supplement,염증·해독,염증·해독,6
OTHER_033,수부(水),취탕 (묵은 숭늉 물),炊湯,0,,supplement,기타,,7
OTHER_034,수부(水),육천기 (여섯 가지 천기),六天氣,3,피부개선|기력보강|노화완화,auto+supplement,정기·기력,정기·기력|피부,2
OTHER_035,토부,복룡간 (오랜 솥 밑의 누런 흙),伏龍肝,4,출혈멎음|염증완화|생리조절|면역강화,auto,혈·순환,혈·순환|염증·해독|여성·부인|정기·기력,2
OTHER_036,토부,동벽토 (해 먼저 뜨는 동쪽 벽 흙),東壁土,2,열내림|소화력강화,auto,위·소화,위·소화|염증·해독,1
OTHER_037,토부,서벽토 (서쪽 해질 때 쬐는 벽 흙),西壁土,1,해독,supplement,염증·해독,염증·해독,6
OTHER_038,토부,호황토 (좋은 누런 진흙),好黃土,3,해독|소화력강화|염증완화,auto,염증·해독,염증·해독|위·소화,6
OTHER_039,토부,적토 (가장 붉은 주토),赤土,1,면역강화,auto,정기·기력,정기·기력,2
OTHER_040,토부,백악 (백토),白堊,2,소화력강화|기력보강,auto,위·소화,위·소화|정기·기력,1
OTHER_041,토부,해금사 (실고사리 포자),海金沙,1,소변개선,auto+supplement,신장·소변,신장·소변,3
OTHER_042,토부,정저사 (우물 바닥의 모래),井底沙,1,해독,supplement,염증·해독,염증·해독,6
OTHER_043,토부,유월하중열사 (유월 물가의 더운 모래),六月河中熱沙,1,관절통완화,auto,근골·관절,근골·관절,4
OTHER_044,토부,도중열진토 (여름 길 가운데 더운 흙),道中熱塵土,1,해독,supplement,염증·해독,염증·해독,6
OTHER_045,토부,토봉과상토 (땅벌 집 위의 흙),土蜂窠上土,2,염증완화|해독,auto+supplement,염증·해독,염증·해독,6
OTHER_046,토부,하철조중회 (풀무질하는 부엌의 재),鍜鐵竈中灰,1,어혈개선,auto,혈·순환,혈·순환,2
OTHER_047,토부,동회 (명아주 태운 재),冬灰,1,피부개선,auto+supplement,피부,피부,5
OTHER_048,토부,상시회 (뽕나무를 불에 태운 재),桑柴灰,2,피부개선|부종완화,auto,피부,피부|신장·소변,5
OTHER_049,토부,백초회 (백가지 풀을 태운 재),百草灰,1,상처회복,auto,피부,피부,5
OTHER_050,토부,백초상 (오래된 부엌 어귀의 검댕),百草霜,2,소화력강화|출혈멎음,auto,혈·순환,혈·순환|위·소화,2
OTHER_051,토부,당묵 (솥 밑의 검댕),鐺墨,3,출혈멎음|상처회복|해독,auto,피부,피부|혈·순환|염증·해독,5
OTHER_052,토부,양상진 (대들보 위의 티끌),梁上塵,3,상처회복|면역강화|출혈멎음,auto,혈·순환,혈·순환|피부|정기·기력,2
PLANT_129,곡부,호마 (검은 참깨),胡麻,3,뼈근육강화|기력보강|노화완화,auto,정기·기력,정기·기력|근골·관절,2
PLANT_130,곡부,백유마 (흰 참깨),白油麻,4,혈액순환|피부개선|기침완화|소화력강화,auto,혈·순환,혈·순환|호흡·폐|위·소화|피부,2
PLANT_131,곡부,마자 (삼씨),麻子,4,기력보강|소변개선|습기개선|소화력강화,auto,정기·기력,정기·기력|신장·소변|위·소화,2
PLANT_132,곡부,대두 (흰콩),大豆,2,기력보강|소화력강화,auto,위·소화,위·소화|정기·기력,1
PLANT_133,곡부,적소두 (붉은 팥),赤小豆,5,소화력강화|소변개선|갈증해소|부종완화|염증완화,auto,위·소화,위·소화|신장·소변|염증·해독,1
PLANT_134,곡부,속미 (좁쌀),粟米,4,소화력강화|소변개선|기력보강|신장보강,auto,신장·소변,신장·소변|위·소화|정기·기력,3
PLANT_135,곡부,갱미 (멥쌀),粳米,4,소화력강화|기력보강|불안완화|냉증완화,auto,위·소화,위·소화|정기·기력|심·신경,1
PLANT_136,곡부,나미 (찹쌀),糯米,2,기력보강|소화력강화,auto,정기·기력,정기·기력|위·소화,2
PLANT_137,곡부,주 (술),酒,6,혈액순환|소화력강화|심신안정|해독|기력보강|피부개선,auto+supplement,위·소화,위·소화|심·신경|혈·순환|염증·해독|피부|정기·기력,1
PLANT_138,곡부,초 (식초),醋,3,어혈개선|염증완화|생리조절,auto,염증·해독,염증·해독|혈·순환|여성·부인,6
PLANT_139,곡부,이당 (엿),飴糖,3,기력보강|기침완화|가래완화,auto,호흡·폐,호흡·폐|정기·기력,1
PLANT_140,곡부,두부,豆腐,1,기력보강,auto,정기·기력,정기·기력,2
PLANT_141,곡부,직미 (찰지지 않은 기장쌀),稷米,1,기력보강,auto,정기·기력,정기·기력,2
ANIMAL_067,인부,난발 (저절로 떨어진 머리털),亂髮,4,출혈멎음|소변개선|어혈개선|부종완화,auto,신장·소변,신장·소변|혈·순환,3
ANIMAL_068,인부,발피 (베어서 엮은 털),髮髲,3,소변개선|부종완화|출혈멎음,auto,신장·소변,신장·소변|혈·순환,3
ANIMAL_069,인부,자수 (수염),髭鬚,1,심신안정,supplement,심·신경,심·신경,2
ANIMAL_070,인부,두구 (머리의 때),頭垢,2,해독|소변개선,auto,염증·해독,염증·해독|신장·소변,6
ANIMAL_071,인부,이색 (귀지),耳塞,1,심신안정,auto+supplement,심·신경,심·신경,2
ANIMAL_072,인부,아치 (빠진 이),牙齒,1,해독,auto,염증·해독,염증·해독,6
ANIMAL_073,인부,구중연급타 (입의 침),口中涎及唾,3,가려움완화|피부개선|염증완화,auto+supplement,피부,피부|염증·해독,5
ANIMAL_074,인부,천령개 (오래된 해골의 정수리뼈),天靈蓋,1,열내림,auto+supplement,염증·해독,염증·해독,6
ANIMAL_075,인부,인유즙 (사람의 젖),人乳汁,3,기력보강|염증완화|시력보조,auto,정기·기력,정기·기력|머리·눈·귀|염증·해독,2
ANIMAL_076,인부,부인포의 (출산 후 태반),婦人胞衣,4,열내림|진액보충|남성건강보조|기력보강,auto,정기·기력,정기·기력|여성·부인|염증·해독,2
ANIMAL_077,인부,인뇨 (사람의 소변),人尿,1,기침완화,auto,호흡·폐,호흡·폐,1
ANIMAL_078,인부,부인월수 (여자의 월경수),婦人月水,1,해독,auto+supplement,염증·해독,염증·해독,6
ANIMAL_079,인부,인곤당 (속곳 밑부분),人裩襠,1,생리조절,supplement,여성·부인,여성·부인,3
ANIMAL_080,인부,인시 (사람의 마른 똥),人屎,2,해독|면역강화,auto,정기·기력,정기·기력|염증·해독,2
ANIMAL_081,인부,인조갑 (손톱·발톱),人爪甲,2,생리조절|시력보조,auto,머리·눈·귀,머리·눈·귀|여성·부인,0
ANIMAL_082,인부,신생소아제 (탯줄),新生小兒臍,1,염증완화,auto,염증·해독,염증·해독,6
ANIMAL_083,금부(禽),단웅계육 (붉은 수탉의 고기),丹雄雞肉,4,기력보강|대하완화|냉증완화|출혈멎음,auto,정기·기력,정기·기력|혈·순환|여성·부인,2
ANIMAL_084,금부(禽),백웅계육 (흰 수탉의 고기),白雄雞肉,3,심신안정|갈증해소|소변개선,auto,심·신경,심·신경|위·소화|신장·소변,2
ANIMAL_085,금부(禽),오웅계육 (검은 수탉의 고기),烏雄雞肉,5,기력보강|관절통완화|태보|통증완화|뼈강화,auto,근골·관절,근골·관절|여성·부인|정기·기력,4
ANIMAL_086,금부(禽),오자계육 (검은 암탉의 고기),烏雌雞肉,6,관절통완화|염증완화|태보|생리조절|구역완화|냉증완화,auto,여성·부인,여성·부인|위·소화|근골·관절|정기·기력|염증·해독,3
ANIMAL_087,금부(禽),황자계육 (누런 암탉의 고기),黃雌雞肉,5,기력보강|소변개선|갈증해소|소화력강화|신장보강,auto,위·소화,위·소화|신장·소변|정기·기력,1
ANIMAL_088,금부(禽),계자 (달걀),雞子,5,심신안정|열내림|태보|면역강화|가래완화,auto,심·신경,심·신경|호흡·폐|여성·부인|정기·기력|염증·해독,2
ANIMAL_089,금부(禽),백아육 (흰 거위 고기),白鵝肉,1,갈증해소,auto,위·소화,위·소화,1
ANIMAL_090,금부(禽),목방 (집오리 기름),鶩肪,2,부종완화|열내림,auto,염증·해독,염증·해독|신장·소변,6
ANIMAL_091,금부(禽),야압육 (들오리 고기),野鴨肉,2,기력보강|염증완화,auto,정기·기력,정기·기력|염증·해독,2
ANIMAL_092,금부(禽),안방 (기러기 기름),雁肪,4,감기완화|뼈근육강화|경련완화|관절통완화,auto,근골·관절,근골·관절|정기·기력|심·신경,4
ANIMAL_093,금부(禽),작육 (참새고기),雀肉,4,남성건강보조|기력보강|신장보강|허리통증완화,auto,여성·부인,여성·부인|신장·소변|근골·관절|정기·기력,3
ANIMAL_094,금부(禽),연시 (귀제비 똥),燕屎,4,열내림|소변개선|심신안정|해독,auto,신장·소변,신장·소변|염증·해독|심·신경,3
ANIMAL_095,금부(禽),복익 (박쥐),伏翼,3,시력보조|소변개선|부종완화,auto,신장·소변,신장·소변|머리·눈·귀,3
ANIMAL_096,금부(禽),응시백 (매 똥),鷹屎白,2,피부개선|해독,auto+supplement,피부,피부|염증·해독,5
ANIMAL_097,금부(禽),치육 (꿩고기),雉肉,4,소화력강화|기력보강|피부해독|염증완화,auto,정기·기력,정기·기력|위·소화|염증·해독|피부,2
ANIMAL_098,금부(禽),치두 (솔개 대가리),鴟頭,1,두통완화,supplement,머리·눈·귀,머리·눈·귀,0
ANIMAL_099,금부(禽),오아 (까마귀),烏鴉,4,열내림|면역강화|기침완화|기력보강,auto+supplement,호흡·폐,호흡·폐|정기·기력|염증·해독,1
ANIMAL_100,금부(禽),자아 (갈까마귀),慈鴉,3,기침완화|열내림|기력보강,auto+supplement,호흡·폐,호흡·폐|정기·기력|염증·해독,1
ANIMAL_101,금부(禽),웅작육 (숫까치의 고기),雄鵲肉,2,소변개선|감기완화,auto,신장·소변,신장·소변|정기·기력,3
ANIMAL_102,금부(禽),연작 (때까치),練鵲,2,기력보강|감기완화,auto+supplement,정기·기력,정기·기력,2
ANIMAL_103,금부(禽),반초 (얼룩덜룩한 멧비둘기),斑鷦,2,시력보조|기력보강,auto,머리·눈·귀,머리·눈·귀|정기·기력,0
ANIMAL_104,금부(禽),백합 (흰 집비둘기),白鴿,3,해독|기력보강|생리조절,auto+supplement,염증·해독,염증·해독|여성·부인|정기·기력,6
ANIMAL_105,금부(禽),발합 (흰 멧비둘기),鵓鴿,5,해독|염증완화|피부해독|기력보강|생리조절,auto+supplement,염증·해독,염증·해독|여성·부인|피부|정기·기력,6
ANIMAL_106,금부(禽),순육 (메추라기),鶉肉,3,뼈근육강화|기력보강|면역강화,auto,정기·기력,정기·기력|근골·관절,2
ANIMAL_107,금부(禽),계칙 (비오리),鸂鶒,1,기력보강,supplement,정기·기력,정기·기력,2
ANIMAL_108,금부(禽),원앙,鴛鴦,1,가려움완화,auto,피부,피부,5
ANIMAL_109,금부(禽),촉옥,鸀鳿,1,기력보강,supplement,정기·기력,정기·기력,2
ANIMAL_110,금부(禽),휼육 (도요새),鷸肉,1,기력보강,auto,정기·기력,정기·기력,2
ANIMAL_111,금부(禽),탁목조 (딱따구리),啄木鳥,1,염증완화,auto,염증·해독,염증·해독,6
ANIMAL_112,금부(禽),백학 (두루미),白鶴,1,기력보강,auto,정기·기력,정기·기력,2
ANIMAL_113,금부(禽),천아육 (고니 고기),天鵝肉,1,기력보강,supplement,정기·기력,정기·기력,2
ANIMAL_114,금부(禽),관골 (황새뼈),鸛骨,3,기침완화|면역강화|뼈근육강화,auto+supplement,호흡·폐,호흡·폐|근골·관절|정기·기력,1
ANIMAL_115,금부(禽),노자시 (가마우지 똥),鸕鷀屎,2,피부개선|면역강화,auto,피부,피부|정기·기력,5
ANIMAL_116,금부(禽),어구 (물총새),魚狗,1,소변개선,supplement,신장·소변,신장·소변,3
ANIMAL_117,금부(禽),구욕 (구관조),鴝鵒,2,염증완화|출혈멎음,auto,염증·해독,염증·해독|혈·순환,6
ANIMAL_118,금부(禽),박로 (때까치의 일종),博勞,2,면역강화|기력보강,auto+supplement,정기·기력,정기·기력,2
ANIMAL_119,금부(禽),제고취 (사다새(펠리컨)의 부리),鵜鴣觜,3,생리조절|염증완화|기침완화,auto+supplement,염증·해독,염증·해독|호흡·폐|여성·부인,6
ANIMAL_120,금부(禽),교부조 (뱁새),巧婦鳥,1,기력보강,supplement,정기·기력,정기·기력,2
ANIMAL_121,금부(禽),호작 (촉새),蒿雀,1,기력보강,supplement,정기·기력,정기·기력,2
ANIMAL_122,금부(禽),할계 (멧닭),鶡雞,2,기력보강|남성건강보조,supplement,여성·부인,여성·부인|정기·기력,3
ANIMAL_123,금부(禽),백설조 (지빠귀),百舌鳥,2,면역강화|기력보강,auto+supplement,정기·기력,정기·기력,2
ANIMAL_124,금부(禽),황갈후 (염주비둘기),黃褐侯,2,염증완화|기력보강,auto+supplement,정기·기력,정기·기력|염증·해독,2
ANIMAL_125,금부(禽),포곡 (뻐꾹새),布穀,1,기력보강,supplement,정기·기력,정기·기력,2
ANIMAL_126,금부(禽),두견 (두견이),杜鵑,2,출혈멎음|기침완화,auto+supplement,호흡·폐,호흡·폐|혈·순환,1
ANIMAL_127,금부(禽),효목 (올빼미의 눈),鴞目,1,시력보조,supplement,머리·눈·귀,머리·눈·귀,0
ANIMAL_128,금부(禽),벽체고 (논병아리 기름),鷿鷈膏,1,이명완화,auto,머리·눈·귀,머리·눈·귀,0
ANIMAL_129,금부(禽),노사육 (해오라기의 고기),鷺鷥肉,1,기력보강,auto,정기·기력,정기·기력,2
ANIMAL_130,금부(禽),백구육 (갈매기의 고기),白鷗肉,3,심신안정|갈증해소|기력보강,auto+supplement,심·신경,심·신경|위·소화|정기·기력,2
ANIMAL_131,금부(禽),절지 (밀화부리),竊脂,1,기력보강,auto,정기·기력,정기·기력,2
ANIMAL_132,금부(禽),창경 (꾀꼬리),鶬鶊,1,기력보강,auto,정기·기력,정기·기력,2
ANIMAL_133,금부(禽),자고,鷓鴣,1,기력보강,supplement,정기·기력,정기·기력,2
ANIMAL_134,수부(獸),녹용,鹿茸,7,대하완화|태보|신장보강|생리조절|출혈멎음|기력보강|관절통완화,auto,여성·부인,여성·부인|혈·순환|정기·기력|신장·소변|근골·관절,3
ANIMAL_135,수부(獸),미지 (고라니의 기름),麋脂,4,관절통완화|염증완화|남성건강보조|냉증완화,auto,염증·해독,염증·해독|여성·부인|근골·관절|정기·기력,6
ANIMAL_136,수부(獸),장골 (노루의 뼈),麞骨,4,피부개선|신장보강|뼈근육강화|관절통완화,auto+supplement,신장·소변,신장·소변|근골·관절|피부,3
ANIMAL_137,수부(獸),궤육 (아기사슴의 고기),麂肉,3,염증완화|생리조절|피부해독,auto,여성·부인,여성·부인|염증·해독|피부,3
ANIMAL_138,수부(獸),고양각 (숫염소 또는 숫양의 뿔),羖羊角,5,시력보조|감기완화|심신안정|열내림|출혈멎음,auto,머리·눈·귀,머리·눈·귀|정기·기력|심·신경|혈·순환|염증·해독,0
ANIMAL_139,수부(獸),영양각 (영양의 뿔),羚羊角,4,시력보조|심신안정|해독|출혈멎음,auto,머리·눈·귀,머리·눈·귀|심·신경|혈·순환|염증·해독,0
ANIMAL_140,수부(獸),서각 (코뿔소의 뿔),唐 犀角,3,시력보조|해독|열내림,auto,염증·해독,염증·해독|머리·눈·귀,6
ANIMAL_141,수부(獸),호골 (호랑이의 뼈),虎骨,2,뼈근육강화|관절통완화,supplement,근골·관절,근골·관절,4
ANIMAL_142,수부(獸),표육 (표범의 고기),豹肉,3,뼈근육강화|심신안정|기력보강,auto,심·신경,심·신경|근골·관절|정기·기력,2
ANIMAL_143,수부(獸),리골 (살쾡이의 뼈),狸骨,3,염증완화|통증완화|심신안정,auto,염증·해독,염증·해독|심·신경|근골·관절,6
ANIMAL_144,수부(獸),토두골 (토끼 머리뼈),免頭骨,1,생리조절,auto,여성·부인,여성·부인,3
ANIMAL_145,수부(獸),모구음경 (수캐의 음경),牡狗陰莖,2,남성건강보조|생리조절,auto,여성·부인,여성·부인,3
ANIMAL_146,수부(獸),돈란 (돼지불알),豚卵,4,경련완화|심신안정|해독|소변개선,auto,심·신경,심·신경|신장·소변|염증·해독,2
ANIMAL_147,수부(獸),야저황 (멧돼지 쓸개에 병적으로 생긴 우황같은 응결물),野猪黃,2,심신안정|면역강화,auto,심·신경,심·신경|정기·기력,2
ANIMAL_148,수부(獸),여육 (나귀 고기),驢肉,3,감기완화|기력보강|혈액보강,auto+supplement,정기·기력,정기·기력|혈·순환,2
ANIMAL_149,수부(獸),나육 (노새 고기),騾肉,1,기력보강,supplement,정기·기력,정기·기력,2
ANIMAL_150,수부(獸),호음경 (여우의 음경),狐陰莖,2,면역강화|남성건강보조,auto+supplement,여성·부인,여성·부인|정기·기력,3
ANIMAL_151,수부(獸),달간 (수달의 간),獺肝,3,면역강화|심신안정|해독,auto,정기·기력,정기·기력|심·신경|염증·해독,2
ANIMAL_152,수부(獸),단육 (수달 고기),猯肉,2,기력보강|부종완화,auto+supplement,신장·소변,신장·소변|정기·기력,3
ANIMAL_153,수부(獸),환육 (오소리 고기),獾肉,2,면역강화|기력보강,auto+supplement,정기·기력,정기·기력,2
ANIMAL_154,수부(獸),학육 (너구리 고기),貉肉,2,기력보강|뼈근육강화,supplement,근골·관절,근골·관절|정기·기력,4
ANIMAL_155,수부(獸),"올눌제 (물개의 음경과 고환, 해구신)",膃肭臍,3,허리통증완화|남성건강보조|신장보강,auto,신장·소변,신장·소변|여성·부인|근골·관절,3
ANIMAL_156,수부(獸),시피 (승냥이의 가죽),豺皮,1,염증완화,supplement,염증·해독,염증·해독,6
ANIMAL_157,수부(獸),낭육 (이리 고기),狼肉,1,기력보강,supplement,정기·기력,정기·기력,2
ANIMAL_158,수부(獸),야타지 (낙타 기름),唐 野駝脂,4,염증완화|감기완화|기력보강|냉증완화,auto+supplement,정기·기력,정기·기력|염증·해독,2
ANIMAL_159,수부(獸),미후 (원숭이),唐 獮猴,3,감기완화|기력보강|열내림,auto+supplement,정기·기력,정기·기력|염증·해독,2
ANIMAL_160,수부(獸),위피 (고슴도치 껍질),蝟皮,5,출혈멎음|염증완화|통증완화|소화력강화|피부해독,auto,혈·순환,혈·순환|염증·해독|위·소화|근골·관절|피부,2
ANIMAL_161,수부(獸),모서육 (숫쥐 고기),牡鼠肉,4,구충|열내림|면역강화|기력보강,auto+supplement,정기·기력,정기·기력|염증·해독,2
ANIMAL_162,수부(獸),언서 (두더지),鼴鼠,3,염증완화|피부해독|면역강화,auto,염증·해독,염증·해독|피부|정기·기력,6
ANIMAL_163,수부(獸),누서 (날다람쥐),鼺鼠,2,생리조절|기력보강,auto+supplement,여성·부인,여성·부인|정기·기력,3
ANIMAL_164,수부(獸),패고피 (씌운 지 오래된 북 가죽),敗鼓皮,1,해독,auto,염증·해독,염증·해독,6
ANIMAL_165,수부(獸),초서 (노랑담비),貂鼠,1,기력보강,supplement,정기·기력,정기·기력,2
ANIMAL_166,수부(獸),황서 (족제비),黃鼠,1,염증완화,auto,염증·해독,염증·해독,6
ANIMAL_167,수부(獸),필두회 (오래 쓴 붓을 태운 재),筆頭灰,2,염증완화|출혈멎음,auto+supplement,혈·순환,혈·순환|염증·해독,2
ANIMAL_168,수부(獸),진육 (벼락맞아 죽은 짐승의 고기),震肉,2,면역강화|기력보강,auto+supplement,정기·기력,정기·기력,2
PLANT_142,초부,인진호 (사철쑥),茵蔯蒿,5,소변개선|간해독|두통완화|면역강화|열내림,auto,머리·눈·귀,머리·눈·귀|간·담|신장·소변|정기·기력|염증·해독,0
PLANT_143,초부,왕불류행 (장구채씨),王不留行,8,혈액순환|염증완화|생리조절|출혈멎음|통증완화|감기완화|상처회복|소변개선,auto,혈·순환,혈·순환|여성·부인|피부|염증·해독|신장·소변|근골·관절|정기·기력,2
PLANT_144,초부,백호 (다북쑥),白蒿,5,관절통완화|냉증완화|기침완화|해독|부종완화,auto+supplement,호흡·폐,호흡·폐|신장·소변|근골·관절|정기·기력|염증·해독,1
PLANT_145,초부,시이 (도꼬마리),葈耳,8,감기완화|관절통완화|허리통증완화|가려움완화|염증완화|상처회복|해독|기침완화,auto+supplement,피부,피부|염증·해독|근골·관절|호흡·폐|정기·기력,5
PLANT_146,초부,갈근 (칡 뿌리),葛根,9,상처회복|갈증해소|해독|소변개선|소화력강화|불안완화|두통완화|열내림|진액보충,auto,위·소화,위·소화|염증·해독|피부|머리·눈·귀|심·신경|신장·소변|정기·기력,1
PLANT_147,초부,과루근 (하늘타리 뿌리),瓜蔞根,7,생리조절|소변개선|갈증해소|부종완화|염증완화|불안완화|소화력강화,auto,염증·해독,염증·해독|위·소화|신장·소변|심·신경|여성·부인,6
PLANT_148,초부,고삼 (도둑놈의지팡이 뿌리),苦參,4,시력보조|감기완화|염증완화|소화력강화,auto,머리·눈·귀,머리·눈·귀|위·소화|정기·기력|염증·해독,0
PLANT_149,초부,당귀,當歸,10,기력보강|혈액보강|어혈개선|출혈멎음|통증완화|소화력강화|상처회복|염증완화|열내림|가래완화,auto,혈·순환,혈·순환|염증·해독|근골·관절|피부|정기·기력|호흡·폐|위·소화,2
PLANT_150,초부,마황,麻黃,4,해독|두통완화|심신안정|열내림,auto,염증·해독,염증·해독|머리·눈·귀|심·신경,6
PLANT_151,초부,"통초 (통탈목, 으름덩굴)",通草,8,생리조절|소변개선|부종완화|혈액순환|불안완화|호흡완화|구충|열내림,auto,신장·소변,신장·소변|여성·부인|염증·해독|호흡·폐|심·신경|혈·순환,3
PLANT_152,초부,작약 (작약 뿌리),芍藥,12,생리조절|통증완화|시력보조|혈액순환|출혈멎음|소변개선|어혈개선|기력보강|가스완화|염증완화|피부해독|소화력강화,auto,염증·해독,염증·해독|머리·눈·귀|혈·순환|위·소화|근골·관절|여성·부인|신장·소변|피부|정기·기력,6
PLANT_153,초부,"여실 (붓꽃, 타래붓꽃 열매)",蠡實,9,간해독|심신안정|소변개선|해독|생리조절|출혈멎음|기침완화|불안완화|염증완화,auto,심·신경,심·신경|여성·부인|염증·해독|호흡·폐|간·담|혈·순환|신장·소변,2
PLANT_154,초부,구맥 (패랭이꽃),瞿麥,5,시력보조|소변개선|생리조절|상처회복|염증완화,auto,머리·눈·귀,머리·눈·귀|신장·소변|염증·해독|여성·부인|피부,0
PLANT_155,초부,현삼,玄參,7,기력보강|시력보조|신장보강|부종완화|열내림|염증완화|면역강화,auto,정기·기력,정기·기력|염증·해독|신장·소변|머리·눈·귀,2
PLANT_156,초부,진교,秦芃,8,관절통완화|소변개선|출혈멎음|경련완화|간해독|열내림|소화력강화|냉증완화,auto,근골·관절,근골·관절|간·담|혈·순환|심·신경|위·소화|신장·소변|정기·기력|염증·해독,4
PLANT_157,초부,백합 (백합 뿌리),百合,4,소변개선|염증완화|해독|피부개선,auto,염증·해독,염증·해독|신장·소변|피부,6
PLANT_158,초부,지모,知母,9,갈증해소|간해독|소변개선|기침완화|가래완화|열내림|기력보강|생리조절|신장보강,auto,호흡·폐,호흡·폐|위·소화|간·담|신장·소변|염증·해독|여성·부인|정기·기력,1
PLANT_159,초부,패모,唐 貝母,6,상처회복|염증완화|기침완화|갈증해소|불안완화|가래완화,auto,호흡·폐,호흡·폐|염증·해독|피부|심·신경|위·소화,1
PLANT_160,초부,백지 (구릿대 뿌리),白芷,14,통증완화|가려움완화|피부개선|대하완화|어혈개선|생리조절|상처회복|염증완화|태보|두통완화|출혈멎음|피부해독|소화력강화|감기완화,auto,피부,피부|염증·해독|여성·부인|혈·순환|머리·눈·귀|근골·관절|위·소화|정기·기력,5
PLANT_161,초부,음양곽 (삼지구엽초),淫羊藿,6,뼈근육강화|기력보강|허리통증완화|남성건강보조|염증완화|기억력개선,auto,정기·기력,정기·기력|여성·부인|근골·관절|염증·해독,2
PLANT_162,초부,"황금 (황금, 속썩은풀)",黃芩,6,열내림|가래완화|염증완화|간해독|소화력강화|면역강화,auto,염증·해독,염증·해독|호흡·폐|위·소화|간·담|정기·기력,6
PLANT_163,초부,구척 (금모구척),唐 狗脊,7,관절통완화|허리통증완화|소변개선|신장보강|냉증완화|통증완화|경련완화,auto+supplement,근골·관절,근골·관절|신장·소변|심·신경|정기·기력,4
PLANT_164,초부,모근 (띠 뿌리),茅根,5,출혈멎음|소변개선|갈증해소|생리조절|열내림,auto,혈·순환,혈·순환|신장·소변|염증·해독|위·소화|여성·부인,2
PLANT_165,초부,자완 (개미취),紫菀,10,관절통완화|갈증해소|피부개선|뼈근육강화|가래완화|출혈멎음|기침완화|호흡완화|염증완화|열내림,auto,호흡·폐,호흡·폐|근골·관절|염증·해독|위·소화|피부|혈·순환,1
PLANT_166,초부,자초 (지치),紫草,3,해독|염증완화|면역강화,auto,염증·해독,염증·해독|정기·기력,6
PLANT_167,초부,전호 (바디나물 뿌리),前胡,4,소화력강화|기침완화|가스완화|가래완화,auto,호흡·폐,호흡·폐|위·소화,1
PLANT_168,초부,패장 (마타리),敗醬,5,생리조절|염증완화|가려움완화|시력보조|이명완화,auto,머리·눈·귀,머리·눈·귀|여성·부인|피부|염증·해독,0
PLANT_169,초부,백선 (백선 뿌리),白鮮,4,열내림|가려움완화|간해독|관절통완화,auto,피부,피부|간·담|근골·관절|염증·해독,5
PLANT_170,초부,산장 (꽈리),酸漿,6,간해독|소변개선|부종완화|기침완화|불안완화|생리조절,auto,신장·소변,신장·소변|호흡·폐|심·신경|간·담|여성·부인,3
PLANT_171,초부,고본,藁本,5,상처회복|감기완화|피부개선|두통완화|피부해독,auto,피부,피부|정기·기력|머리·눈·귀,5
PLANT_172,초부,석위,石韋,1,소변개선,auto,신장·소변,신장·소변,3
PLANT_173,초부,비해 (도꼬로마 뿌리),萆薢,5,관절통완화|염증완화|소변개선|기침완화|가래완화,auto+supplement,호흡·폐,호흡·폐|근골·관절|신장·소변|염증·해독,1
PLANT_174,초부,백미,白薇,4,열내림|해독|기력보강|소화력강화,auto+supplement,염증·해독,염증·해독|위·소화|정기·기력,6
PLANT_175,초부,대청,大靑,3,불안완화|면역강화|염증완화,auto,심·신경,심·신경|정기·기력|염증·해독,2
PLANT_176,초부,애엽 (약쑥),艾葉,8,남성건강보조|소화력강화|출혈멎음|상처회복|태보|통증완화|해독|부종완화,auto+supplement,위·소화,위·소화|혈·순환|여성·부인|신장·소변|근골·관절|피부|염증·해독,1
PLANT_177,초부,"악실 (우방자, 우엉씨)",惡實,4,시력보조|기침완화|감기완화|염증완화,auto,머리·눈·귀,머리·눈·귀|정기·기력|호흡·폐|염증·해독,0
PLANT_178,초부,수평 (개구리밥),水萍,5,갈증해소|피부개선|부종완화|염증완화|소변개선,auto,위·소화,위·소화|신장·소변|피부|염증·해독,1
PLANT_179,초부,왕과 (박과 하늘타리속의 일종의 뿌리),王瓜,9,혈액순환|갈증해소|어혈개선|생리조절|간해독|불안완화|면역강화|열내림|염증완화,auto,위·소화,위·소화|혈·순환|염증·해독|심·신경|간·담|여성·부인|정기·기력,1
PLANT_180,초부,지유 (오이풀 뿌리),地楡,5,상처회복|출혈멎음|염증완화|생리조절|소화력강화,auto,혈·순환,혈·순환|여성·부인|피부|위·소화|염증·해독,2
PLANT_181,초부,대계 (엉겅퀴),大薊,5,출혈멎음|가려움완화|대하완화|구역완화|염증완화,auto,혈·순환,혈·순환|여성·부인|피부|염증·해독|위·소화,2
PLANT_182,초부,택란 (쉽싸리),澤蘭,6,상처회복|생리통완화|통증완화|생리조절|기력보강|염증완화,auto,여성·부인,여성·부인|피부|염증·해독|근골·관절|정기·기력,3
PLANT_183,초부,방기,防己,6,소변개선|부종완화|가려움완화|열내림|출혈멎음|염증완화,auto,신장·소변,신장·소변|염증·해독|피부|혈·순환,3
PLANT_184,초부,천마,天麻,9,뼈근육강화|관절통완화|허리통증완화|면역강화|감기완화|두통완화|경련완화|혈액순환|심신안정,auto+supplement,근골·관절,근골·관절|심·신경|정기·기력|머리·눈·귀|혈·순환,4
PLANT_185,초부,아위,阿魏,3,열내림|면역강화|기침완화,auto+supplement,호흡·폐,호흡·폐|정기·기력|염증·해독,1
PLANT_186,초부,고량강,高良薑,3,해독|통증완화|소화력강화,auto,염증·해독,염증·해독|위·소화|근골·관절,6
PLANT_187,초부,백부근 (백부),百部根,5,열내림|기침완화|호흡완화|면역강화|해독,auto+supplement,호흡·폐,호흡·폐|염증·해독|정기·기력,1
PLANT_188,초부,회향,茴香,1,소화력강화,auto,위·소화,위·소화,1
PLANT_189,초부,관동화 (관동),款冬花,5,기력보강|불안완화|기침완화|가래완화|염증완화,auto,호흡·폐,호흡·폐|심·신경|정기·기력|염증·해독,1
PLANT_190,초부,홍람화 (잇꽃),紅藍花,5,혈액보강|어혈개선|생리조절|혈액순환|부종완화,auto+supplement,혈·순환,혈·순환|여성·부인|신장·소변,2
PLANT_191,초부,목단 (모란 뿌리껍질),牡丹,3,생리조절|염증완화|열내림,auto,여성·부인,여성·부인|염증·해독,3
PLANT_192,초부,삼릉 (흑삼릉 뿌리),三稜,3,생리조절|어혈개선|통증완화,auto,여성·부인,여성·부인|혈·순환|근골·관절,3
PLANT_193,초부,강황,薑黃,4,생리조절|감기완화|어혈개선|염증완화,auto,여성·부인,여성·부인|염증·해독|혈·순환|정기·기력,3
PLANT_194,초부,필발,蓽撥,2,소화력강화|통증완화,auto,위·소화,위·소화|근골·관절,1
PLANT_195,초부,나마자 (새박),蘿摩子,3,기력보강|해독|기침완화,auto+supplement,호흡·폐,호흡·폐|정기·기력|염증·해독,1
PLANT_196,초부,울금,鬱金,5,상처회복|가스완화|통증완화|출혈멎음|소변개선,auto,피부,피부|위·소화|혈·순환|신장·소변|근골·관절,5
PLANT_197,초부,노회 (알로에),蘆薈,4,가려움완화|염증완화|구충|면역강화,auto,피부,피부|염증·해독|정기·기력,5
PLANT_198,초부,현호색,玄胡索,5,생리조절|어혈개선|출혈멎음|통증완화|소변개선,auto,혈·순환,혈·순환|여성·부인|근골·관절|신장·소변,2
PLANT_199,초부,육두구,肉豆蔲,4,소화력강화|가스완화|냉증완화|면역강화,auto,위·소화,위·소화|정기·기력,1
PLANT_200,초부,보골지,補骨脂,4,소화력강화|소변개선|신장보강|냉증완화,auto,위·소화,위·소화|신장·소변|정기·기력,1
PLANT_201,초부,영릉향 (영향초),零陵香,1,통증완화,auto,근골·관절,근골·관절,4
PLANT_202,초부,축사밀 (양춘사),縮砂蜜,2,통증완화|소화력강화,auto,위·소화,위·소화|근골·관절,1
PLANT_203,초부,봉아술 (봉출),蓬莪荗,3,생리조절|어혈개선|통증완화,auto,여성·부인,여성·부인|혈·순환|근골·관절,3
PLANT_204,초부,홍초 (털여뀌),葒草,1,갈증해소,auto,위·소화,위·소화,1
PLANT_205,초부,사초근 (향부자),莎草根,6,생리조절|통증완화|기력보강|신장보강|가스완화|가래완화,auto,여성·부인,여성·부인|근골·관절|정기·기력|호흡·폐|위·소화|신장·소변,3
PLANT_206,초부,호황련,胡黃連,5,시력보조|간해독|경련완화|열내림|면역강화,auto,머리·눈·귀,머리·눈·귀|염증·해독|심·신경|간·담|정기·기력,0
PLANT_207,초부,홍두구 (고량강),紅豆蔲,3,해독|통증완화|소화력강화,auto,염증·해독,염증·해독|위·소화|근골·관절,6
PLANT_208,초부,감송향,甘松香,3,가스완화|통증완화|감기완화,auto+supplement,근골·관절,근골·관절|위·소화|정기·기력,4
PLANT_209,초부,원의 (담에 자란 이끼),垣衣,4,심신안정|간해독|불안완화|소화력강화,auto,심·신경,심·신경|간·담|위·소화,2
PLANT_210,초부,지의 (땅에 낀 이끼),地衣,1,통증완화,auto,근골·관절,근골·관절,4
PLANT_211,초부,예장 (한련초),鱧腸,3,피부개선|염증완화|출혈멎음,auto+supplement,피부,피부|혈·순환|염증·해독,5
PLANT_212,초부,모향화 (띠),茅香花,4,통증완화|출혈멎음|구역완화|상처회복,auto,혈·순환,혈·순환|위·소화|근골·관절|피부,2
PLANT_213,초부,사군자,使君子,3,소화력강화|구충|면역강화,auto,위·소화,위·소화|정기·기력|염증·해독,1
PLANT_214,초부,백두구,白豆蔲,5,가스완화|구역완화|시력보조|소화력강화|냉증완화,auto+supplement,위·소화,위·소화|머리·눈·귀|정기·기력,1
PLANT_215,초부,부자 (오두),附子,4,관절통완화|기력보강|생리조절|냉증완화,auto+supplement,정기·기력,정기·기력|근골·관절|여성·부인,2
PLANT_216,초부,오두,烏頭,4,생리조절|관절통완화|냉증완화|가래완화,auto,여성·부인,여성·부인|호흡·폐|근골·관절|정기·기력,3
PLANT_217,초부,천웅 (오두),天雄,5,뼈근육강화|생리조절|기력보강|관절통완화|냉증완화,auto,여성·부인,여성·부인|근골·관절|정기·기력,3
PLANT_218,초부,반하,半夏,9,갈증해소|열내림|생리조절|소화력강화|가래완화|구역완화|기침완화|호흡완화|소변개선,auto,호흡·폐,호흡·폐|위·소화|염증·해독|여성·부인|신장·소변,1
PLANT_219,초부,대황,大黃,2,생리조절|어혈개선,auto,혈·순환,혈·순환|여성·부인,2
PLANT_220,초부,정력자 (다닥냉이),葶藶子,6,호흡완화|소변개선|부종완화|기침완화|염증완화|가래완화,auto,호흡·폐,호흡·폐|신장·소변|염증·해독,1
PLANT_221,초부,낭탕자 (미치광이풀),莨菪子,2,경련완화|심신안정,supplement,심·신경,심·신경,2
PLANT_222,초부,초호 (개사철쑥),草蒿,3,기력보강|시력보조|심신안정,auto,정기·기력,정기·기력|머리·눈·귀|심·신경,2
PLANT_223,초부,선복화 (금불초),旋復花,4,시력보조|소화력강화|구역완화|가래완화,auto,머리·눈·귀,머리·눈·귀|위·소화|호흡·폐,0
PLANT_224,초부,"여로 (여로, 박새)",藜蘆,5,구충|상처회복|염증완화|가래완화|해독,auto+supplement,염증·해독,염증·해독|피부|호흡·폐,6
PLANT_225,초부,사간 (범부채),射干,2,기침완화|가래완화,auto+supplement,호흡·폐,호흡·폐,1
PLANT_226,초부,사함 (가락지나물),蛇含,3,상처회복|염증완화|감기완화,auto,염증·해독,염증·해독|피부|정기·기력,6
PLANT_227,초부,상산,常山,5,열내림|냉증완화|가래완화|구충|해독,auto+supplement,염증·해독,염증·해독|호흡·폐|정기·기력,6
PLANT_228,초부,감수,甘遂,2,부종완화|가스완화,auto,신장·소변,신장·소변|위·소화,3
PLANT_229,초부,백렴 (가위톱),白斂,4,통증완화|상처회복|염증완화|소화력강화,auto,염증·해독,염증·해독|근골·관절|위·소화|피부,6
PLANT_230,초부,백급 (자란),白芨,3,상처회복|염증완화|소화력강화,auto,염증·해독,염증·해독|위·소화|피부,6
PLANT_231,초부,대극,大戟,6,생리조절|부종완화|간해독|열내림|해독|면역강화,auto,여성·부인,여성·부인|염증·해독|간·담|신장·소변|정기·기력,3
PLANT_232,초부,관중,貫衆,2,어혈개선|구충,auto,혈·순환,혈·순환|염증·해독,2
PLANT_233,초부,낭아 (짚신나물),狼牙,2,기침완화|소변개선,supplement,호흡·폐,호흡·폐|신장·소변,1
PLANT_234,초부,양척촉 (철쭉),羊躑躅,3,열내림|심신안정|해독,auto,염증·해독,염증·해독|심·신경,6
PLANT_235,초부,상륙 (자리공 뿌리),商陸,5,생리조절|염증완화|기침완화|해독|출혈멎음,auto,염증·해독,염증·해독|여성·부인|호흡·폐|혈·순환,6
PLANT_236,초부,청상자 (개맨드라미),靑箱子,3,시력보조|염증완화|구충,auto,머리·눈·귀,머리·눈·귀|염증·해독,0
PLANT_237,초부,위령선 (으아리 뿌리),威靈仙,9,관절통완화|허리통증완화|어혈개선|면역강화|냉증완화|감기완화|가래완화|통증완화|염증완화,auto+supplement,근골·관절,근골·관절|정기·기력|호흡·폐|혈·순환|염증·해독,4
PLANT_238,초부,견우자 (나팔꽃),牽牛子,6,소변개선|생리조절|부종완화|감기완화|가스완화|해독,auto,신장·소변,신장·소변|위·소화|여성·부인|정기·기력|염증·해독,3
PLANT_239,초부,비마자 (피마자),萆麻子,3,부종완화|생리조절|가려움완화,auto,여성·부인,여성·부인|신장·소변|피부,3
PLANT_240,초부,삭조,蒴藋,1,관절통완화,auto,근골·관절,근골·관절,4
PLANT_241,초부,천남성,天南星,6,감기완화|생리조절|염증완화|경련완화|면역강화|가래완화,auto,정기·기력,정기·기력|염증·해독|여성·부인|호흡·폐|심·신경,2
PLANT_242,초부,양제근 (소리쟁이 뿌리),羊蹄根,5,구충|가려움완화|해독|피부해독|염증완화,auto,피부,피부|염증·해독,5
PLANT_243,초부,고근 (줄),菰根,3,갈증해소|소변개선|소화력강화,auto,위·소화,위·소화|신장·소변,1
PLANT_244,초부,편축 (마디풀),萹蓄,5,소변개선|열내림|구충|해독|부종완화,auto+supplement,신장·소변,신장·소변|염증·해독,3
PLANT_245,초부,낭독 (오독도기),狼毒,2,해독|가래완화,auto,호흡·폐,호흡·폐|염증·해독,1
PLANT_246,초부,희첨 (진득찰),豨薟音喜杴,5,불안완화|관절통완화|감기완화|기침완화|가래완화,auto+supplement,호흡·폐,호흡·폐|심·신경|근골·관절|정기·기력,1
PLANT_247,초부,저근 (모시풀 뿌리),苧根,4,해독|소변개선|면역강화|출혈멎음,auto,신장·소변,신장·소변|정기·기력|염증·해독|혈·순환,3
PLANT_248,초부,마편초,馬鞭草,4,생리조절|어혈개선|구충|열내림,auto,여성·부인,여성·부인|염증·해독|혈·순환,3
PLANT_249,초부,하수오 (적하수오),何首烏,8,신장보강|대하완화|피부개선|뼈근육강화|노화완화|염증완화|생리조절|가래완화,auto,여성·부인,여성·부인|염증·해독|호흡·폐|신장·소변|근골·관절|피부|정기·기력,3
PLANT_250,초부,백두옹 (할미꽃 뿌리),白頭翁,5,피부개선|출혈멎음|기침완화|해독|염증완화,auto+supplement,염증·해독,염증·해독|호흡·폐|혈·순환|피부,6
PLANT_251,초부,파초근 (파초 뿌리),芭蕉根,3,갈증해소|면역강화|염증완화,auto,위·소화,위·소화|정기·기력|염증·해독,1
PLANT_252,초부,노근 (갈대 뿌리),蘆根,3,소화력강화|갈증해소|열내림,auto,위·소화,위·소화|염증·해독,1
PLANT_253,초부,마두령 (쥐방울덩굴),馬兜鈴,4,가스완화|기침완화|통증완화|경련완화,auto+supplement,호흡·폐,호흡·폐|심·신경|위·소화|근골·관절,1
PLANT_254,초부,유기노초 (절굿대),劉寄奴草,4,생리조절|상처치유|어혈개선|상처회복,auto,피부,피부|혈·순환|여성·부인,5
PLANT_255,초부,골쇄보 (넉줄고사리),唐 骨碎補,6,출혈멎음|어혈개선|염증완화|구충|뼈근육강화|통증완화,auto+supplement,혈·순환,혈·순환|근골·관절|염증·해독,2
PLANT_256,초부,연교 (당개나리 열매),連翹,5,통증완화|염증완화|소변개선|해독|열내림,auto,염증·해독,염증·해독|신장·소변|근골·관절,6
PLANT_257,초부,속수자,續隨子,4,부종완화|어혈개선|통증완화|해독,auto,혈·순환,혈·순환|신장·소변|근골·관절|염증·해독,2
PLANT_258,초부,여여 (맑은 대쑥),䕡茹,4,피부개선|염증완화|소화력강화|부종완화,auto+supplement,위·소화,위·소화|신장·소변|피부|염증·해독,1
PLANT_259,초부,사매 (뱀딸기),蛇莓,2,해독|생리조절,auto,여성·부인,여성·부인|염증·해독,3
PLANT_260,초부,율초 (환삼덩굴),葎草,3,소변개선|해독|염증완화,auto+supplement,신장·소변,신장·소변|염증·해독,3
PLANT_261,초부,학슬 (여우오줌),鶴蝨,3,염증완화|소변개선|통증완화,auto+supplement,신장·소변,신장·소변|근골·관절|염증·해독,3
PLANT_262,초부,작맥 (귀리),雀麥,1,생리조절,auto+supplement,여성·부인,여성·부인,3
PLANT_263,초부,백부자,白附子,2,피부개선|통증완화,auto,근골·관절,근골·관절|피부,4
PLANT_264,초부,호로파,唐 葫蘆巴,3,소화력강화|냉증완화|부종완화,supplement,위·소화,위·소화|신장·소변|정기·기력,1
PLANT_265,초부,목적 (속새),木賊,4,시력보조|대하완화|출혈멎음|소화력강화,auto,혈·순환,혈·순환|머리·눈·귀|여성·부인|위·소화,2
PLANT_266,초부,포공초 (민들레),蒲公草,2,해독|염증완화,auto,염증·해독,염증·해독,6
PLANT_267,초부,곡정초,穀精草,4,피부해독|기침완화|염증완화|소변개선,auto+supplement,호흡·폐,호흡·폐|신장·소변|피부|염증·해독,1
PLANT_268,초부,초장초 (괭이밥),酢漿草,3,염증완화|면역강화|해독,auto+supplement,염증·해독,염증·해독|정기·기력,6
PLANT_269,초부,작엽하초 (바위솔),昨葉荷草,3,출혈멎음|해독|피부개선,auto+supplement,혈·순환,혈·순환|피부|염증·해독,2
PLANT_270,초부,하고초 (꿀풀),夏枯草,2,열내림|염증완화,auto,염증·해독,염증·해독,6
PLANT_271,초부,산자고 (약난초),山茨菰,1,염증완화,auto,염증·해독,염증·해독,6
PLANT_272,초부,등심초 (골풀),燈心草,3,소변개선|기침완화|부종완화,auto+supplement,신장·소변,신장·소변|호흡·폐,3
PLANT_273,초부,마발 (말불버섯),馬勃,3,염증완화|기침완화|해독,auto+supplement,염증·해독,염증·해독|호흡·폐,6
PLANT_274,초부,수료 (물여뀌),水蓼,2,해독|부종완화,supplement,신장·소변,신장·소변|염증·해독,3
PLANT_275,초부,훤초근 (원추리),萱草根,4,부종완화|열내림|간해독|소변개선,auto+supplement,신장·소변,신장·소변|간·담|염증·해독,3
PLANT_276,초부,야자고 (소귀나물),野茨菰,4,갈증해소|소변개선|생리조절|염증완화,auto,위·소화,위·소화|신장·소변|염증·해독|여성·부인,1
PLANT_277,초부,패천공 (오래 쓰던 패랭이),敗天公,1,심신안정,auto,심·신경,심·신경,2
PLANT_278,초부,초두구,草豆蔲,6,가스완화|냉증완화|통증완화|해독|소화력강화|감기완화,auto,위·소화,위·소화|정기·기력|근골·관절|염증·해독,1
PLANT_279,초부,초과,草果,5,해독|구역완화|냉증완화|가래완화|소화력강화,auto+supplement,위·소화,위·소화|염증·해독|호흡·폐|정기·기력,1
PLANT_280,초부,호장근 (호장근 뿌리),虎杖根,3,소변개선|염증완화|생리조절,auto,신장·소변,신장·소변|여성·부인|염증·해독,3
PLANT_281,초부,초오 (바꽃),草烏,4,관절통완화|감기완화|통증완화|경련완화,auto+supplement,근골·관절,근골·관절|심·신경|정기·기력,4
PLANT_282,초부,불이초 (떡쑥),佛耳草,3,감기완화|기침완화|가래완화,auto+supplement,호흡·폐,호흡·폐|정기·기력,1
PLANT_283,초부,경실 (어저귀 열매),苘實,2,생리조절|염증완화,auto,염증·해독,염증·해독|여성·부인,6
PLANT_284,초부,봉선화,鳳仙花,4,혈액순환|생리조절|관절통완화|해독,supplement,혈·순환,혈·순환|여성·부인|근골·관절|염증·해독,2
PLANT_285,초부,해아다,孩兒茶,2,염증완화|기력보강,auto+supplement,정기·기력,정기·기력|염증·해독,2
PLANT_286,초부,극섭비승 (나막신의 앞코),屐屧鼻繩,2,통증완화|생리조절,auto,여성·부인,여성·부인|근골·관절,3
PLANT_287,목부,계피 (생달나무),唐 桂皮,5,혈액순환|생리조절|냉증완화|소화력강화|기침완화,auto,혈·순환,혈·순환|여성·부인|호흡·폐|위·소화|정기·기력,2
PLANT_288,목부,송지 (송진),松脂,10,통증완화|심신안정|상처회복|소화력강화|열내림|이명완화|염증완화|구충|관절통완화|감기완화,auto,염증·해독,염증·해독|근골·관절|피부|위·소화|머리·눈·귀|심·신경|정기·기력,6
PLANT_289,목부,괴실 (회화나무 열매),槐實,5,감기완화|염증완화|생리조절|구충|소화력강화,auto,여성·부인,여성·부인|염증·해독|위·소화|정기·기력,3
PLANT_290,목부,구기자,枸杞子,5,뼈근육강화|시력보조|기력보강|신장보강|심신안정,auto,머리·눈·귀,머리·눈·귀|근골·관절|정기·기력|심·신경|신장·소변,0
PLANT_291,목부,백실 (측백나무 열매),柏實,5,감기완화|피부개선|심신안정|기력보강|관절통완화,auto,정기·기력,정기·기력|근골·관절|심·신경|피부,2
PLANT_292,목부,복령,茯苓,8,갈증해소|소변개선|소화력강화|부종완화|구역완화|기침완화|기억력개선|가래완화,auto,위·소화,위·소화|신장·소변|호흡·폐|정기·기력,1
PLANT_293,목부,호박,琥珀,5,시력보조|소변개선|심신안정|부종완화|생리조절,auto,신장·소변,신장·소변|머리·눈·귀|심·신경|여성·부인,3
PLANT_294,목부,유피 (느릅나무),楡皮,4,소변개선|부종완화|숙면유도|소화력강화,auto,신장·소변,신장·소변|심·신경|위·소화,3
PLANT_295,목부,산조인 (멧대추나무),酸棗仁,3,뼈근육강화|심신안정|기력보강,auto,정기·기력,정기·기력|근골·관절|심·신경,2
PLANT_296,목부,황벽 (황벽나무),黃蘗,9,대하완화|열내림|시력보조|염증완화|가려움완화|간해독|소화력강화|출혈멎음|피부해독,auto,피부,피부|염증·해독|위·소화|여성·부인|머리·눈·귀|간·담|혈·순환,5
PLANT_297,목부,"저실 (닥나무, 꾸지나무 열매)",楮實,6,뼈근육강화|기력보강|시력보조|피부개선|허리통증완화|남성건강보조,auto,근골·관절,근골·관절|정기·기력|머리·눈·귀|여성·부인|피부,4
PLANT_298,목부,건칠 (마른 옻),乾漆,6,생리조절|어혈개선|면역강화|출혈멎음|구충|소화력강화,auto,혈·순환,혈·순환|정기·기력|위·소화|여성·부인|염증·해독,2
PLANT_299,목부,오가피,五加皮,7,관절통완화|뼈근육강화|기력보강|경련완화|면역강화|남성건강보조|신장보강,auto,근골·관절,근골·관절|정기·기력|심·신경|여성·부인|신장·소변,4
PLANT_300,목부,만형실 (순비기나무),蔓荊實,3,시력보조|관절통완화|두통완화,auto,머리·눈·귀,머리·눈·귀|근골·관절,0
PLANT_301,목부,신이 (목련),辛夷,4,시력보조|비염완화|피부개선|대하완화,auto,머리·눈·귀,머리·눈·귀|여성·부인|피부,0
PLANT_302,목부,상상기생 (뽕나무겨우살이),桑上寄生,5,상처회복|피부개선|출혈멎음|생리조절|염증완화,auto,피부,피부|혈·순환|염증·해독|여성·부인,5
PLANT_303,목부,상근백피 (뽕나무 뿌리껍질),桑根白皮,6,상처회복|갈증해소|소변개선|부종완화|가래완화|기침완화,auto,호흡·폐,호흡·폐|신장·소변|위·소화|피부,1
PLANT_304,목부,근죽엽 (왕대),䈽竹葉,6,갈증해소|불안완화|기침완화|출혈멎음|열내림|호흡완화,auto,호흡·폐,호흡·폐|위·소화|심·신경|혈·순환|염증·해독,1
PLANT_305,목부,오수유,吳茱萸,7,통증완화|가래완화|습기개선|가스완화|냉증완화|소화력강화|신장보강,auto,근골·관절,근골·관절|호흡·폐|위·소화|정기·기력|신장·소변,4
PLANT_306,목부,유핵,蕤核,2,시력보조|염증완화,auto,머리·눈·귀,머리·눈·귀|염증·해독,0
PLANT_307,목부,정향 (정향나무),丁香,7,허리통증완화|남성건강보조|염증완화|통증완화|소화력강화|구역완화|신장보강,auto,위·소화,위·소화|근골·관절|여성·부인|신장·소변|염증·해독,1
PLANT_308,목부,침향,沈香,4,통증완화|신장보강|남성건강보조|소화력강화,auto,근골·관절,근골·관절|위·소화|여성·부인|신장·소변,4
PLANT_309,목부,유향,乳香,4,생리조절|이명완화|통증완화|염증완화,auto,머리·눈·귀,머리·눈·귀|여성·부인|근골·관절|염증·해독,0
PLANT_310,목부,"곽향 (광곽향, 배초향)",藿香,2,구역완화|소화력강화,auto,위·소화,위·소화,1
PLANT_311,목부,백단향 (단향),白檀香,5,구충|기력보강|통증완화|소화력강화|신장보강,auto,위·소화,위·소화|신장·소변|근골·관절|정기·기력|염증·해독,1
PLANT_312,목부,자단향,紫檀香,2,통증완화|소화력강화,auto,위·소화,위·소화|근골·관절,1
PLANT_313,목부,강진향,降眞香,3,면역강화|감기완화|통증완화,auto+supplement,정기·기력,정기·기력|근골·관절,2
PLANT_314,목부,소합향,蘇合香,3,열내림|해독|구충,auto,염증·해독,염증·해독,6
PLANT_315,목부,금앵자 (금앵자나무),金櫻子,3,소변개선|신장보강|관절통완화,auto+supplement,신장·소변,신장·소변|근골·관절,3
PLANT_316,목부,빈랑 (빈랑나무),檳榔,3,부종완화|구충|가래완화,auto,신장·소변,신장·소변|호흡·폐|염증·해독,3
PLANT_317,목부,치자 (치자나무),梔子,4,갈증해소|소변개선|염증완화|시력보조,auto,위·소화,위·소화|신장·소변|머리·눈·귀|염증·해독,1
PLANT_318,목부,용뇌향,龍腦香,4,시력보조|관절통완화|염증완화|구충,auto,머리·눈·귀,머리·눈·귀|염증·해독|근골·관절,0
PLANT_319,목부,무이 (왕느릅나무의 씨),蕪荑,5,가려움완화|염증완화|피부해독|구충|소화력강화,auto,피부,피부|염증·해독|위·소화,5
PLANT_320,목부,지실 (탱자나무의 어린 과실),枳實,3,가래완화|소화력강화|가스완화,auto+supplement,위·소화,위·소화|호흡·폐,1
PLANT_321,목부,지각 (탱자나무의 성숙 과실),枳殼,6,부종완화|가래완화|감기완화|소변개선|소화력강화|기침완화,auto,호흡·폐,호흡·폐|신장·소변|위·소화|정기·기력,1
PLANT_322,목부,후박 (후박나무),厚朴,4,소화력강화|가래완화|가스완화|구충,auto,위·소화,위·소화|호흡·폐|염증·해독,1
PLANT_323,목부,고차 (작설차),苦茶,4,갈증해소|소변개선|가스완화|가래완화,auto,위·소화,위·소화|호흡·폐|신장·소변,1
PLANT_324,목부,진피 (물푸레나무),秦皮,4,시력보조|신장보강|생리조절|면역강화,auto,머리·눈·귀,머리·눈·귀|여성·부인|신장·소변|정기·기력,0
PLANT_325,목부,"촉초 (산초나무, 초피나무 열매)",蜀椒,9,관절통완화|허리통증완화|가스완화|냉증완화|구충|남성건강보조|심신안정|해독|상처회복,auto,정기·기력,정기·기력|근골·관절|염증·해독|심·신경|위·소화|여성·부인|피부,2
PLANT_326,목부,자위 (능소화),紫葳,6,소변개선|혈액보강|생리조절|태보|출혈멎음|어혈개선,auto,여성·부인,여성·부인|혈·순환|신장·소변,3
PLANT_327,목부,호동루 (호양의 수지),胡桐淚,1,불안완화,auto,심·신경,심·신경,2
PLANT_328,목부,송연묵 (소나무 그을음으로 만든 먹),松烟墨,4,상처회복|출혈멎음|생리조절|해독,auto+supplement,혈·순환,혈·순환|피부|여성·부인|염증·해독,2
PLANT_329,목부,"저령 (자작나무, 단풍나무에 기생하는 버섯)",猪苓,4,소변개선|부종완화|습기개선|열내림,auto,신장·소변,신장·소변|정기·기력|염증·해독,3
PLANT_330,목부,백극 (멧대추나무),白棘,4,통증완화|남성건강보조|신장보강|염증완화,auto,신장·소변,신장·소변|근골·관절|여성·부인|염증·해독,3
PLANT_331,목부,오약,烏藥,7,소변개선|생리조절|통증완화|면역강화|소화력강화|구역완화|가려움완화,auto,위·소화,위·소화|피부|여성·부인|신장·소변|근골·관절|정기·기력,1
PLANT_332,목부,몰약,沒藥,7,상처회복|통증완화|부종완화|어혈개선|염증완화|출혈멎음|시력보조,auto,혈·순환,혈·순환|근골·관절|피부|염증·해독|머리·눈·귀|신장·소변,2
PLANT_333,목부,안식향,安息香,6,생리조절|심신안정|해독|소화력강화|면역강화|신장보강,auto,여성·부인,여성·부인|심·신경|위·소화|신장·소변|정기·기력|염증·해독,3
PLANT_334,목부,송라 (소나무겨우살이),松蘿,5,소변개선|열내림|부종완화|염증완화|가래완화,auto,염증·해독,염증·해독|신장·소변|호흡·폐,6
PLANT_335,목부,위모 (화살나무),衛矛,4,생리조절|출혈멎음|통증완화|해독,auto,여성·부인,여성·부인|혈·순환|염증·해독|근골·관절,3
PLANT_336,목부,해동피 (엄나무 껍질),海桐皮,5,감기완화|가려움완화|시력보조|관절통완화|소화력강화,auto,피부,피부|머리·눈·귀|위·소화|근골·관절|정기·기력,5
PLANT_337,목부,합환피 (자귀나무 껍질),合歡皮,3,심신안정|염증완화|구충,auto,염증·해독,염증·해독|심·신경,6
PLANT_338,목부,오배자 (오배자 진드기의 벌레집),五倍子,3,염증완화|면역강화|출혈멎음,auto,혈·순환,혈·순환|정기·기력|염증·해독,2
PLANT_339,목부,천축황 (가 곤충에 상해 마디에 진액이 맺힌 것),天竺黃,4,상처회복|면역강화|감기완화|가래완화,auto,피부,피부|정기·기력|호흡·폐,5
PLANT_340,목부,밀몽화,密蒙花,2,면역강화|시력보조,auto,머리·눈·귀,머리·눈·귀|정기·기력,0
PLANT_341,목부,파두,巴豆,10,소화력강화|피부개선|생리조절|부종완화|염증완화|구충|어혈개선|심신안정|해독|가래완화,auto,염증·해독,염증·해독|위·소화|여성·부인|호흡·폐|심·신경|혈·순환|신장·소변|피부,6
PLANT_342,목부,"조협 (주엽나무, 조각자나무 열매)",皂莢,3,생리조절|기침완화|가래완화,auto,호흡·폐,호흡·폐|여성·부인,1
PLANT_343,목부,가자 (가리륵),訶子,8,소화력강화|출혈멎음|가래완화|가스완화|태보|생리조절|신장보강|기침완화,auto,위·소화,위·소화|호흡·폐|혈·순환|여성·부인|신장·소변,1
PLANT_344,목부,유화 (버드나무 꽃),柳花,6,출혈멎음|관절통완화|염증완화|상처회복|간해독|피부개선,auto,피부,피부|간·담|혈·순환|근골·관절|염증·해독,5
PLANT_345,목부,연실 (멀구슬나무 열매),練實,5,가려움완화|소변개선|부종완화|통증완화|구충,auto,신장·소변,신장·소변|피부|근골·관절|염증·해독,3
PLANT_346,목부,저근백피 (가죽나무 뿌리 껍질),樗根白皮,8,출혈멎음|생리조절|심신안정|해독|소화력강화|면역강화|가려움완화|열내림,auto+supplement,혈·순환,혈·순환|염증·해독|심·신경|위·소화|여성·부인|피부|정기·기력,2
PLANT_347,목부,욱리인 (이스라지),郁李仁,5,소변개선|부종완화|어혈개선|가스완화|진액보충,auto,신장·소변,신장·소변|위·소화|혈·순환|정기·기력,3
PLANT_348,목부,몰식자 (몰식자나무),沒食子,5,소화력강화|생리조절|면역강화|기침완화|변비완화,auto+supplement,위·소화,위·소화|호흡·폐|여성·부인|정기·기력,1
PLANT_349,목부,뇌환 (구멍쟁이버섯과의 일종),雷丸,2,해독|구충,auto,염증·해독,염증·해독,6
PLANT_350,목부,"상실 (굴근도토리, 상수리)",橡實,2,소화력강화|기력보강,auto,위·소화,위·소화|정기·기력,1
PLANT_351,목부,백양수피 (사시나무),白楊樹皮,3,관절통완화|해독|열내림,auto+supplement,염증·해독,염증·해독|근골·관절,6
PLANT_352,목부,소방목 (소목),蘇方木,4,통증완화|생리조절|어혈개선|염증완화,auto,염증·해독,염증·해독|근골·관절|여성·부인|혈·순환,6
PLANT_353,목부,동엽 (오동나무),桐葉,2,부종완화|해독,supplement,신장·소변,신장·소변|염증·해독,3
PLANT_354,목부,호초,胡椒,4,가스완화|냉증완화|소화력강화|가래완화,auto,위·소화,위·소화|호흡·폐|정기·기력,1
PLANT_355,목부,무환자피 (무환자나무 껍질),無患子皮,3,기침완화|해독|피부개선,auto+supplement,호흡·폐,호흡·폐|피부|염증·해독,1
PLANT_356,목부,익지자 (익지),益智子,2,기력보강|심신안정,auto,정기·기력,정기·기력|심·신경,2
PLANT_357,목부,우리자 (갈매나무의 열매),牛李子,6,열내림|부종완화|염증완화|면역강화|출혈멎음|소화력강화,auto+supplement,염증·해독,염증·해독|위·소화|혈·순환|신장·소변|정기·기력,6
PLANT_358,목부,정공등,丁公藤,2,피부개선|감기완화,auto,피부,피부|정기·기력,5
PLANT_359,목부,화목피 (자작나무 껍질),樺木皮,3,간해독|염증완화|면역강화,auto,간·담,간·담|정기·기력|염증·해독,1
PLANT_360,목부,목별자,木鼈子,2,염증완화|기력보강,auto+supplement,염증·해독,염증·해독|정기·기력,6
PLANT_361,목부,조등 (조구등),釣藤,2,경련완화|면역강화,auto,심·신경,심·신경|정기·기력,2
PLANT_362,목부,종려피 (종려나무),棕櫚皮,3,소화력강화|생리조절|출혈멎음,auto,혈·순환,혈·순환|위·소화|여성·부인,2
PLANT_363,목부,목근 (무궁화나무의 줄기껍질 및 뿌리껍질),木槿,2,출혈멎음|소화력강화,auto,혈·순환,혈·순환|위·소화,2
PLANT_364,목부,원화 (팥꽃나무),芫花,9,해독|부종완화|관절통완화|염증완화|구충|기침완화|열내림|가스완화|가래완화,auto,염증·해독,염증·해독|호흡·폐|위·소화|신장·소변|근골·관절,6
PLANT_365,목부,추목피 (가래나무 껍질),楸木皮,3,상처회복|염증완화|구충,auto,염증·해독,염증·해독|피부,6
PLANT_366,목부,석남엽 (석남의 잎),石南葉,2,관절통완화|염증완화,auto+supplement,근골·관절,근골·관절|염증·해독,4
PLANT_367,목부,대풍자,大風子,5,구충|가려움완화|가래완화|경련완화|관절통완화,auto+supplement,호흡·폐,호흡·폐|심·신경|근골·관절|피부|염증·해독,1
PLANT_368,목부,혈갈 (기린갈),血竭,5,상처회복|출혈멎음|염증완화|가려움완화|피부해독,auto,피부,피부|혈·순환|염증·해독,5
PLANT_369,목부,백랍 (백랍충의 분비물),白蠟,5,기력보강|소화력강화|출혈멎음|기침완화|상처회복,auto,위·소화,위·소화|호흡·폐|정기·기력|혈·순환|피부,1
MINERAL_001,옥부,옥설 (옥가루),玉屑,2,갈증해소|불안완화,auto,위·소화,위·소화|심·신경,1
MINERAL_002,옥부,파려 (수정),玻瓈,2,시력보조|심신안정,auto,머리·눈·귀,머리·눈·귀|심·신경,0
MINERAL_003,옥부,산호,珊瑚,2,출혈멎음|시력보조,auto,머리·눈·귀,머리·눈·귀|혈·순환,0
MINERAL_004,옥부,진주,眞珠,2,시력보조|이명완화,auto,머리·눈·귀,머리·눈·귀,0
MINERAL_005,석부,주사 (진사),朱砂,12,혈액순환|시력보조|피부개선|기침완화|신장보강|기력보강|노화완화|심신안정|통증완화|면역강화|염증완화|가려움완화,auto,피부,피부|정기·기력|머리·눈·귀|혈·순환|호흡·폐|심·신경|신장·소변|근골·관절|염증·해독,5
MINERAL_006,석부,운모 (돌비늘),雲母,4,심신안정|소화력강화|시력보조|기력보강,auto,머리·눈·귀,머리·눈·귀|심·신경|위·소화|정기·기력,0
MINERAL_007,석부,석종유 (종유석),石鍾乳,5,심신안정|시력보조|기력보강|신장보강|관절통완화,auto,머리·눈·귀,머리·눈·귀|심·신경|정기·기력|신장·소변|근골·관절,0
MINERAL_008,석부,반석 (백반),礬石,7,소화력강화|염증완화|피부개선|가래완화|상처회복|가려움완화|피부해독,auto,피부,피부|염증·해독|호흡·폐|위·소화,5
MINERAL_009,석부,"공청 (양매청, 남동광)",空靑,3,시력보조|염증완화|이명완화,auto,머리·눈·귀,머리·눈·귀|염증·해독,0
MINERAL_010,석부,석담 (담반),石膽,5,상처회복|염증완화|소변개선|피부해독|가래완화,auto,피부,피부|신장·소변|염증·해독|호흡·폐,5
MINERAL_011,석부,웅황 (석웅황),雄黃,8,피부개선|해독|염증완화|가려움완화|피부해독|통증완화|심신안정|상처회복,auto,피부,피부|염증·해독|심·신경|근골·관절,5
MINERAL_012,석부,활석 (활석),滑石,6,갈증해소|소변개선|불안완화|염증완화|생리조절|열내림,auto,신장·소변,신장·소변|위·소화|염증·해독|심·신경|여성·부인,3
MINERAL_013,석부,우여량 (태일여량),禹餘粮,6,소화력강화|생리조절|염증완화|출혈멎음|어혈개선|통증완화,auto,혈·순환,혈·순환|여성·부인|위·소화|근골·관절|염증·해독,2
MINERAL_014,석부,자석영 (자영석),紫石英,5,갈증해소|심신안정|피부개선|염증완화|기침완화,auto,위·소화,위·소화|염증·해독|호흡·폐|심·신경|피부,1
MINERAL_015,석부,적석지,赤石脂,9,기력보강|소변개선|시력보조|신장보강|심신안정|소화력강화|출혈멎음|통증완화|생리조절,auto,머리·눈·귀,머리·눈·귀|혈·순환|신장·소변|정기·기력|심·신경|위·소화|여성·부인|근골·관절,0
MINERAL_016,석부,석유황 (유황),石硫黃,4,뼈근육강화|염증완화|가려움완화|남성건강보조,auto,근골·관절,근골·관절|피부|여성·부인|염증·해독,4
MINERAL_017,석부,석고,石膏,5,갈증해소|두통완화|면역강화|심신안정|소변개선,auto,위·소화,위·소화|머리·눈·귀|심·신경|신장·소변|정기·기력,1
MINERAL_018,석부,자석 (지남석),磁石,5,남성건강보조|신장보강|이명완화|불안완화|염증완화,auto,염증·해독,염증·해독|머리·눈·귀|심·신경|여성·부인|신장·소변,6
MINERAL_019,석부,양기석,陽起石,6,남성건강보조|부종완화|어혈개선|통증완화|신장보강|소변개선,auto+supplement,신장·소변,신장·소변|여성·부인|혈·순환|근골·관절,3
MINERAL_020,석부,한수석,寒水石,3,갈증해소|부종완화|불안완화,auto,위·소화,위·소화|심·신경|신장·소변,1
MINERAL_021,석부,밀타승,密陀僧,2,상처회복|염증완화,auto+supplement,피부,피부|염증·해독,5
MINERAL_022,석부,박초 (망초의 조제결정),朴硝,2,생리조절|가스완화,auto,위·소화,위·소화|여성·부인,1
MINERAL_023,석부,붕사,硼砂,2,기침완화|가래완화,auto,호흡·폐,호흡·폐,1
MINERAL_024,석부,식염 (소금),食鹽,8,부종완화|통증완화|심신안정|해독|소화력강화|염증완화|소변개선|가래완화,auto,신장·소변,신장·소변|염증·해독|호흡·폐|심·신경|위·소화|근골·관절,3
MINERAL_025,석부,청몽석,靑礞石,5,습기개선|면역강화|기력보강|가래완화|심신안정,auto+supplement,정기·기력,정기·기력|호흡·폐|심·신경,2
MINERAL_026,석부,화예석,花蘂石,2,상처회복|출혈멎음,auto+supplement,혈·순환,혈·순환|피부,2
MINERAL_027,석부,망사 (노사),䃃砂,4,생리조절|어혈개선|소화력강화|상처회복,auto+supplement,위·소화,위·소화|혈·순환|여성·부인|피부,1
MINERAL_028,석부,비상 (신석),砒礵,2,가래완화|해독,auto+supplement,호흡·폐,호흡·폐|염증·해독,1
MINERAL_029,석부,대자석 (적철석),代赭石,8,생리조절|소화력강화|구역완화|상처회복|염증완화|출혈멎음|소변개선|남성건강보조,auto,혈·순환,혈·순환|여성·부인|위·소화|피부|신장·소변|염증·해독,2
MINERAL_030,석부,불회목 (석면),不灰木,1,상처회복,supplement,피부,피부,5
MINERAL_031,석부,석회,石灰,6,피부개선|생리조절|출혈멎음|상처회복|염증완화|피부해독,auto,피부,피부|여성·부인|염증·해독|혈·순환,5
MINERAL_032,석부,석연,石燕,3,갈증해소|생리조절|소변개선,auto,위·소화,위·소화|여성·부인|신장·소변,1
MINERAL_033,석부,석해,石蟹,3,시력보조|가려움완화|염증완화,auto+supplement,머리·눈·귀,머리·눈·귀|피부|염증·해독,0
MINERAL_034,석부,노감석,爐甘石,1,기침완화,supplement,호흡·폐,호흡·폐,1
MINERAL_035,석부,아관석,鵝管石,2,가래완화|출혈멎음,auto+supplement,호흡·폐,호흡·폐|혈·순환,1
MINERAL_036,석부,사함석,蛇含石,5,경련완화|통증완화|소변개선|면역강화|생리조절,auto,신장·소변,신장·소변|심·신경|여성·부인|근골·관절|정기·기력,3
MINERAL_037,석부,수포석 (부석),水泡石,3,갈증해소|시력보조|소변개선,auto,위·소화,위·소화|머리·눈·귀|신장·소변,1
MINERAL_038,석부,임석,淋石,1,소변개선,auto,신장·소변,신장·소변,3
MINERAL_039,석부,무명이 (무명석),無名異,2,상처회복|통증완화,auto,피부,피부|근골·관절,5
MINERAL_040,석부,오고와 (오래된 기와),烏古瓦,1,갈증해소,auto,위·소화,위·소화,1
MINERAL_041,석부,백자설 (백자를 가루 낸 것),白磁屑,2,피부개선|생리조절,auto,피부,피부|여성·부인,5
MINERAL_042,석부,고전 (오래된 벽돌),古磚,1,생리조절,auto,여성·부인,여성·부인,3
MINERAL_043,석부,백맥반석 (흰 맥반석),白麥飯石,1,염증완화,auto,염증·해독,염증·해독,6
MINERAL_044,석부,수중석자 (물 속의 자갈),水中石子,1,소변개선,supplement,신장·소변,신장·소변,3
MINERAL_045,금부(金),금설 (금가루),金屑,3,기력보강|면역강화|신장보강,auto,정기·기력,정기·기력|신장·소변,2
MINERAL_046,금부(金),은설 (은가루),銀屑,5,심신안정|해독|감기완화|경련완화|면역강화,auto,심·신경,심·신경|정기·기력|염증·해독,2
MINERAL_047,금부(金),수은,水銀,5,관절통완화|생리조절|감기완화|염증완화|가려움완화,auto+supplement,여성·부인,여성·부인|근골·관절|피부|염증·해독|정기·기력,3
MINERAL_048,금부(金),영사 (인공 주사),靈砂,5,혈액순환|시력보조|기력보강|불안완화|가래완화,auto,머리·눈·귀,머리·눈·귀|혈·순환|정기·기력|호흡·폐|심·신경,0
MINERAL_049,금부(金),황단 (연단),黃丹,6,상처회복|통증완화|심신안정|구역완화|경련완화|출혈멎음,auto,피부,피부|심·신경|위·소화|근골·관절|혈·순환,5
MINERAL_050,금부(金),연 (납),鉛,2,심신안정|구역완화,auto,심·신경,심·신경|위·소화,2
MINERAL_051,금부(金),적동설 (구리가루),赤銅屑,3,시력보조|통증완화|감기완화,auto,머리·눈·귀,머리·눈·귀|근골·관절|정기·기력,0
MINERAL_052,금부(金),생철 (무쇠),生鐵,3,염증완화|피부해독|가려움완화,auto,피부,피부|염증·해독,5